algorithm;repetition;query_selectivity;query_number;column_size;column_pattern;number_of_columns;index_creation;index_lookup;scan_time;join_time;projection_time;total_time
fikd;1;0.2;0;10000000;1;8;9.2782;6.4e-06;0.000100394;3.1e-08;9.27831;-1.29e-07
fikd;1;0.2;1;10000000;1;8;6e-08;1.769e-06;4.6462e-05;3e-08;4.8292e-05;-2.9e-08
fikd;1;0.2;2;10000000;1;8;2.8e-08;1.341e-06;4.7168e-05;2.5e-08;4.8535e-05;-2.7e-08
fikd;1;0.2;3;10000000;1;8;2.9e-08;1.682e-06;5.5552e-05;3.1e-08;5.7267e-05;-2.7e-08
fikd;1;0.2;4;10000000;1;8;2.3e-08;1.658e-06;0.000101043;2.8e-08;0.000102717;-3.5e-08
fikd;1;0.2;5;10000000;1;8;2.4e-08;1.348e-06;5.4773e-05;2.7e-08;5.6141e-05;-3.1e-08
fikd;1;0.2;6;10000000;1;8;2.3e-08;1.558e-06;0.0001004;2.1e-08;0.000101965;-3.7e-08
fikd;1;0.2;7;10000000;1;8;2.4e-08;1.481e-06;0.000142825;3.2e-08;0.000144331;-3.1e-08
fikd;1;0.2;8;10000000;1;8;2e-08;1.501e-06;9.9314e-05;3.3e-08;0.000100833;-3.5e-08
fikd;1;0.2;9;10000000;1;8;1.9e-08;1.369e-06;0.000127363;3.2e-08;0.000128753;-3e-08
fikd;1;0.2;10;10000000;1;8;3e-08;2.167e-06;0.000210642;3.3e-08;0.000212846;-2.6e-08
fikd;1;0.2;11;10000000;1;8;4.3e-08;1.559e-06;0.000106059;2.7e-08;0.000107657;-3.1e-08
fikd;1;0.2;12;10000000;1;8;3.5e-08;1.534e-06;8.7656e-05;3.2e-08;8.9221e-05;-3.6e-08
fikd;1;0.2;13;10000000;1;8;2.4e-08;1.979e-06;0.000194387;3.2e-08;0.000196391;-3.1e-08
fikd;1;0.2;14;10000000;1;8;2.4e-08;1.388e-06;0.000122814;3.5e-08;0.000124174;-8.7e-08
fikd;1;0.2;15;10000000;1;8;1.9e-08;1.857e-06;8.9823e-05;2.9e-08;9.1693e-05;-3.5e-08
fikd;1;0.2;16;10000000;1;8;2.4e-08;1.891e-06;9.3804e-05;1.9e-08;9.5702e-05;-3.6e-08
fikd;1;0.2;17;10000000;1;8;2e-08;1.795e-06;9.0418e-05;3.3e-08;9.2229e-05;-3.7e-08
fikd;1;0.2;18;10000000;1;8;2.3e-08;1.272e-06;5.5822e-05;2.7e-08;5.711e-05;-3.4e-08
fikd;1;0.2;19;10000000;1;8;2.4e-08;1.407e-06;0.000146782;3.2e-08;0.000148218;-2.7e-08
fikd;1;0.2;20;10000000;1;8;3.7e-08;1.383e-06;5.5672e-05;2.4e-08;5.7081e-05;-3.5e-08
fikd;1;0.2;21;10000000;1;8;2.3e-08;1.321e-06;5.668e-05;3.2e-08;5.8029e-05;-2.7e-08
fikd;1;0.2;22;10000000;1;8;2.7e-08;1.42e-06;0.00010784;8.2e-08;0.000109339;-3e-08
fikd;1;0.2;23;10000000;1;8;2e-08;1.375e-06;0.000119371;2.7e-08;0.000120757;-3.6e-08
fikd;1;0.2;24;10000000;1;8;2e-08;1.478e-06;9.9847e-05;3.3e-08;0.000101344;-3.4e-08
fikd;1;0.2;25;10000000;1;8;3.2e-08;1.397e-06;0.000103742;3.3e-08;0.000105168;-3.6e-08
fikd;1;0.2;26;10000000;1;8;2e-08;1.363e-06;2.8941e-05;2.4e-08;3.0319e-05;-2.9e-08
fikd;1;0.2;27;10000000;1;8;2.4e-08;1.138e-06;6.6066e-05;3.2e-08;6.7229e-05;-3.1e-08
fikd;1;0.2;28;10000000;1;8;2e-08;1.293e-06;5.3492e-05;3.2e-08;5.4806e-05;-3.1e-08
fikd;1;0.2;29;10000000;1;8;3.3e-08;1.377e-06;6.9098e-05;3.2e-08;7.0509e-05;-3.1e-08
fikd;1;0.2;30;10000000;1;8;2e-08;1.511e-06;5.0596e-05;3.1e-08;5.2074e-05;-8.4e-08
fikd;1;0.2;31;10000000;1;8;3.3e-08;2.092e-06;0.000168258;2.8e-08;0.000170382;-2.9e-08
fikd;1;0.2;32;10000000;1;8;3.6e-08;2.096e-06;0.000198676;2.9e-08;0.000200808;-2.9e-08
fikd;1;0.2;33;10000000;1;8;5.5e-08;1.648e-06;0.000100164;3.3e-08;0.00010187;-3e-08
fikd;1;0.2;34;10000000;1;8;2.4e-08;2.01e-06;0.000189999;3.2e-08;0.000192036;-2.9e-08
fikd;1;0.2;35;10000000;1;8;3.7e-08;1.3e-06;7.2262e-05;3.2e-08;7.3602e-05;-2.9e-08
fikd;1;0.2;36;10000000;1;8;3.6e-08;1.216e-06;6.0685e-05;1.9e-08;6.1926e-05;-3e-08
fikd;1;0.2;37;10000000;1;8;2.4e-08;1.866e-06;0.000181184;3.2e-08;0.00018308;-2.6e-08
fikd;1;0.2;38;10000000;1;8;2.3e-08;1.34e-06;6.2601e-05;2.8e-08;6.3957e-05;-3.5e-08
fikd;1;0.2;39;10000000;1;8;2e-08;1.961e-06;0.000167773;3.2e-08;0.000169751;-3.5e-08
fikd;1;0.2;40;10000000;1;8;2.4e-08;1.466e-06;4.1826e-05;3.1e-08;4.332e-05;-2.7e-08
fikd;1;0.2;41;10000000;1;8;2e-08;2.043e-06;0.000191214;3.5e-08;0.000193283;-2.9e-08
fikd;1;0.2;42;10000000;1;8;3.8e-08;1.99e-06;0.000191646;3.3e-08;0.000193677;-3e-08
fikd;1;0.2;43;10000000;1;8;2.4e-08;1.321e-06;1.7273e-05;2e-08;1.8609e-05;-2.9e-08
fikd;1;0.2;44;10000000;1;8;2e-08;1.196e-06;0.000121073;2.9e-08;0.000122288;-3e-08
fikd;1;0.2;45;10000000;1;8;2.4e-08;1.813e-06;0.00012175;2.8e-08;0.00012358;-3.5e-08
fikd;1;0.2;46;10000000;1;8;2.4e-08;1.226e-06;7.5231e-05;2.3e-08;7.6404e-05;-1e-07
fikd;1;0.2;47;10000000;1;8;2.3e-08;1.361e-06;7.2214e-05;3.4e-08;7.3603e-05;-2.9e-08
fikd;1;0.2;48;10000000;1;8;2.2e-08;1.584e-06;5.6548e-05;3.4e-08;5.8152e-05;-3.6e-08
fikd;1;0.2;49;10000000;1;8;2.2e-08;1.484e-06;0.000139184;3.3e-08;0.000140686;-3.7e-08
fikd;1;0.2;50;10000000;1;8;2.8e-08;1.315e-06;5.7381e-05;3.2e-08;5.8718e-05;-3.8e-08
fikd;1;0.2;51;10000000;1;8;2.5e-08;1.394e-06;0.00013827;3.4e-08;0.000139688;-3.5e-08
fikd;1;0.2;52;10000000;1;8;2.4e-08;1.952e-06;0.000199091;3.3e-08;0.000201075;-2.5e-08
fikd;1;0.2;53;10000000;1;8;2.2e-08;1.538e-06;4.5952e-05;3.3e-08;4.7515e-05;-3e-08
fikd;1;0.2;54;10000000;1;8;2e-08;1.387e-06;6.7572e-05;2.8e-08;6.8977e-05;-3e-08
fikd;1;0.2;55;10000000;1;8;1.9e-08;1.735e-06;0.000122959;3.2e-08;0.000124711;-3.4e-08
fikd;1;0.2;56;10000000;1;8;2e-08;1.271e-06;3.9993e-05;3.4e-08;4.1288e-05;-3e-08
fikd;1;0.2;57;10000000;1;8;1.9e-08;1.311e-06;2.7107e-05;3.2e-08;2.8438e-05;-3.1e-08
fikd;1;0.2;58;10000000;1;8;5.5e-08;2.22e-06;0.000200287;3.3e-08;0.000202565;-3e-08
fikd;1;0.2;59;10000000;1;8;2e-08;2.005e-06;0.000100118;3.2e-08;0.000102138;-3.7e-08
fikd;1;0.2;60;10000000;1;8;4.3e-08;1.536e-06;0.000131773;3.3e-08;0.000133355;-3e-08
fikd;1;0.2;61;10000000;1;8;2.3e-08;1.304e-06;6.2407e-05;3.3e-08;6.3738e-05;-2.9e-08
fikd;1;0.2;62;10000000;1;8;3.4e-08;1.479e-06;9.3358e-05;3.2e-08;9.481e-05;-9.3e-08
fikd;1;0.2;63;10000000;1;8;2.4e-08;1.974e-06;0.000190933;3.4e-08;0.000192935;-3e-08
fikd;1;0.2;64;10000000;1;8;2e-08;1.453e-06;6.4331e-05;3.4e-08;6.5808e-05;-3e-08
fikd;1;0.2;65;10000000;1;8;2.4e-08;1.42e-06;9.2836e-05;3.3e-08;9.4278e-05;-3.5e-08
fikd;1;0.2;66;10000000;1;8;3.2e-08;1.379e-06;0.000101997;2.9e-08;0.000103406;-3.1e-08
fikd;1;0.2;67;10000000;1;8;3.8e-08;1.422e-06;9.7487e-05;3.3e-08;9.895e-05;-3e-08
fikd;1;0.2;68;10000000;1;8;5.3e-08;1.565e-06;5.1833e-05;3.3e-08;5.3459e-05;-2.5e-08
fikd;1;0.2;69;10000000;1;8;3.2e-08;1.371e-06;0.000126237;3.1e-08;0.000127644;-2.7e-08
fikd;1;0.2;70;10000000;1;8;3.5e-08;1.436e-06;0.000135347;3.2e-08;0.000136816;-3.4e-08
fikd;1;0.2;71;10000000;1;8;2.7e-08;1.41e-06;0.000101251;3.1e-08;0.000102684;-3.5e-08
fikd;1;0.2;72;10000000;1;8;2.1e-08;1.336e-06;9.9406e-05;3.1e-08;0.000100767;-2.7e-08
fikd;1;0.2;73;10000000;1;8;2e-08;1.354e-06;0.000119078;3.1e-08;0.000120455;-2.8e-08
fikd;1;0.2;74;10000000;1;8;2.1e-08;1.762e-06;0.000215225;3.1e-08;0.00021701;-2.9e-08
fikd;1;0.2;75;10000000;1;8;2.2e-08;1.872e-06;0.000200124;3.1e-08;0.000202021;-2.8e-08
fikd;1;0.2;76;10000000;1;8;2.2e-08;1.87e-06;0.000166695;3.1e-08;0.000168589;-2.9e-08
fikd;1;0.2;77;10000000;1;8;4.3e-08;1.815e-06;0.000183005;3e-08;0.000184864;-2.9e-08
fikd;1;0.2;78;10000000;1;8;2e-08;1.573e-06;9.1211e-05;3.3e-08;9.2755e-05;-8.2e-08
fikd;1;0.2;79;10000000;1;8;2.2e-08;1.223e-06;4.2174e-05;2.1e-08;4.3412e-05;-2.8e-08
fikd;1;0.2;80;10000000;1;8;2.1e-08;1.323e-06;0.000105236;3e-08;0.000106581;-2.9e-08
fikd;1;0.2;81;10000000;1;8;2.1e-08;1.782e-06;0.000178051;3e-08;0.000179855;-2.9e-08
fikd;1;0.2;82;10000000;1;8;2.4e-08;1.976e-06;0.000184268;3.2e-08;0.000186273;-2.7e-08
fikd;1;0.2;83;10000000;1;8;2.1e-08;1.357e-06;0.000117216;3e-08;0.000118595;-2.9e-08
fikd;1;0.2;84;10000000;1;8;2.7e-08;1.168e-06;3.0515e-05;2.3e-08;3.1706e-05;-2.7e-08
fikd;1;0.2;85;10000000;1;8;2.1e-08;1.295e-06;0.000117516;3e-08;0.000118834;-2.8e-08
fikd;1;0.2;86;10000000;1;8;2.2e-08;1.877e-06;0.000205053;3.1e-08;0.000206956;-2.7e-08
fikd;1;0.2;87;10000000;1;8;2.2e-08;1.402e-06;0.000101213;3e-08;0.000102638;-2.9e-08
fikd;1;0.2;88;10000000;1;8;2.1e-08;1.849e-06;0.000202149;3.2e-08;0.000204023;-2.8e-08
fikd;1;0.2;89;10000000;1;8;2.1e-08;1.31e-06;6.6727e-05;3e-08;6.806e-05;-2.8e-08
fikd;1;0.2;90;10000000;1;8;2.1e-08;1.77e-06;0.000195215;3e-08;0.000197009;-2.7e-08
fikd;1;0.2;91;10000000;1;8;2.1e-08;1.33e-06;5.2037e-05;3e-08;5.339e-05;-2.8e-08
fikd;1;0.2;92;10000000;1;8;2.1e-08;1.237e-06;5.4003e-05;3.1e-08;5.5265e-05;-2.7e-08
fikd;1;0.2;93;10000000;1;8;2.1e-08;1.266e-06;0.000128004;3.2e-08;0.000129297;-2.6e-08
fikd;1;0.2;94;10000000;1;8;2.2e-08;1.367e-06;8.9628e-05;3.4e-08;9.0969e-05;-8.2e-08
fikd;1;0.2;95;10000000;1;8;2.1e-08;1.832e-06;9.7422e-05;3.1e-08;9.9271e-05;-3.5e-08
fikd;1;0.2;96;10000000;1;8;2.1e-08;1.519e-06;0.00010205;3e-08;0.000103592;-2.8e-08
fikd;1;0.2;97;10000000;1;8;2e-08;1.107e-06;7.917e-05;3e-08;8.0298e-05;-2.9e-08
fikd;1;0.2;98;10000000;1;8;2e-08;1.534e-06;0.000116543;2.9e-08;0.00011809;-3.6e-08
fikd;1;0.2;99;10000000;1;8;2.3e-08;2.072e-06;8.5288e-05;3.4e-08;8.7381e-05;-3.6e-08
fikd;1;0.2;100;10000000;1;8;2.8e-08;1.31e-06;4.4336e-05;3.3e-08;4.5678e-05;-2.9e-08
fikd;1;0.2;101;10000000;1;8;2e-08;1.154e-06;5.9056e-05;3.2e-08;6.0232e-05;-3e-08
fikd;1;0.2;102;10000000;1;8;2e-08;1.367e-06;0.000115455;2.1e-08;0.000116829;-3.4e-08
fikd;1;0.2;103;10000000;1;8;3.7e-08;1.845e-06;0.0001827;3e-08;0.000184583;-2.9e-08
fikd;1;0.2;104;10000000;1;8;2.1e-08;1.819e-06;0.000195916;3.1e-08;0.000197759;-2.8e-08
fikd;1;0.2;105;10000000;1;8;2.1e-08;1.325e-06;0.000120137;3e-08;0.000121486;-2.7e-08
fikd;1;0.2;106;10000000;1;8;2.1e-08;1.688e-06;0.000175266;3.1e-08;0.000176977;-2.9e-08
fikd;1;0.2;107;10000000;1;8;2.2e-08;1.26e-06;6.3835e-05;2.2e-08;6.5112e-05;-2.7e-08
fikd;1;0.2;108;10000000;1;8;2.5e-08;1.162e-06;4.4186e-05;3e-08;4.5375e-05;-2.8e-08
fikd;1;0.2;109;10000000;1;8;2.1e-08;1.76e-06;0.000199473;3e-08;0.000201255;-2.9e-08
fikd;1;0.2;110;10000000;1;8;2.6e-08;8.97e-07;2.0364e-05;2.4e-08;2.1218e-05;-9.3e-08
fikd;1;0.2;111;10000000;1;8;2.2e-08;1.239e-06;9.1511e-05;3.1e-08;9.2775e-05;-2.8e-08
fikd;1;0.2;112;10000000;1;8;2.1e-08;1.32e-06;0.000116672;3e-08;0.000118016;-2.7e-08
fikd;1;0.2;113;10000000;1;8;2.4e-08;1.49e-06;9.8798e-05;3e-08;0.000100306;-3.6e-08
fikd;1;0.2;114;10000000;1;8;2.1e-08;1.824e-06;9.4732e-05;3.1e-08;9.6575e-05;-3.3e-08
fikd;1;0.2;115;10000000;1;8;2.2e-08;1.886e-06;0.000197482;3.1e-08;0.000199393;-2.8e-08
fikd;1;0.2;116;10000000;1;8;2.2e-08;1.578e-06;0.00010416;3.3e-08;0.000105766;-2.7e-08
fikd;1;0.2;117;10000000;1;8;2.1e-08;1.82e-06;0.000163563;3e-08;0.000165406;-2.8e-08
fikd;1;0.2;118;10000000;1;8;2.2e-08;1.781e-06;0.000106932;3.2e-08;0.000108735;-3.2e-08
fikd;1;0.2;119;10000000;1;8;2.1e-08;1.578e-06;8.6556e-05;3.1e-08;8.8151e-05;-3.5e-08
fikd;1;0.2;120;10000000;1;8;2.1e-08;1.429e-06;9.1208e-05;3e-08;9.2659e-05;-2.9e-08
fikd;1;0.2;121;10000000;1;8;2e-08;1.093e-06;7.7063e-05;3.1e-08;7.8179e-05;-2.8e-08
fikd;1;0.2;122;10000000;1;8;2.1e-08;1.36e-06;8.7764e-05;3e-08;8.9106e-05;-6.9e-08
fikd;1;0.2;123;10000000;1;8;2.2e-08;1.116e-06;5.3167e-05;3e-08;5.4307e-05;-2.8e-08
fikd;1;0.2;124;10000000;1;8;3.8e-08;1.252e-06;0.000104459;3.1e-08;0.000105741;-3.9e-08
fikd;1;0.2;125;10000000;1;8;2.5e-08;1.379e-06;9.5128e-05;3e-08;9.6528e-05;-3.4e-08
fikd;1;0.2;126;10000000;1;8;2.1e-08;1.279e-06;0.000117433;3.3e-08;0.000118681;-8.5e-08
fikd;1;0.2;127;10000000;1;8;2.5e-08;1.313e-06;0.000116263;3.2e-08;0.000117598;-3.5e-08
fikd;1;0.2;128;10000000;1;8;2.2e-08;1.347e-06;4.6104e-05;2.3e-08;4.7469e-05;-2.7e-08
fikd;1;0.2;129;10000000;1;8;2.1e-08;1.804e-06;0.000106386;3.1e-08;0.000108208;-3.4e-08
fikd;1;0.2;130;10000000;1;8;2.8e-08;1.633e-06;0.000147366;2.2e-08;0.000149011;-3.8e-08
fikd;1;0.2;131;10000000;1;8;2.1e-08;1.615e-06;0.000107374;3e-08;0.000109007;-3.3e-08
fikd;1;0.2;132;10000000;1;8;2.1e-08;1.359e-06;4.1918e-05;3.1e-08;4.3297e-05;-3.2e-08
fikd;1;0.2;133;10000000;1;8;2.2e-08;1.138e-06;6.0544e-05;3e-08;6.1706e-05;-2.8e-08
fikd;1;0.2;134;10000000;1;8;2.1e-08;1.664e-06;9.7658e-05;3.5e-08;9.9284e-05;-9.4e-08
fikd;1;0.2;135;10000000;1;8;2.1e-08;1.358e-06;0.000124927;3.3e-08;0.000126313;-2.6e-08
fikd;1;0.2;136;10000000;1;8;2.2e-08;1.61e-06;0.000126442;3.3e-08;0.000128077;-3e-08
fikd;1;0.2;137;10000000;1;8;2.4e-08;1.272e-06;8.3518e-05;3.1e-08;8.4816e-05;-2.9e-08
fikd;1;0.2;138;10000000;1;8;2.3e-08;1.372e-06;9.1742e-05;3.1e-08;9.3137e-05;-3.1e-08
fikd;1;0.2;139;10000000;1;8;2.3e-08;1.337e-06;0.00010343;3.1e-08;0.000104793;-2.8e-08
fikd;1;0.2;140;10000000;1;8;2e-08;1.796e-06;0.000190365;3e-08;0.000192183;-2.8e-08
fikd;1;0.2;141;10000000;1;8;2e-08;1.128e-06;3.0628e-05;2.2e-08;3.177e-05;-2.8e-08
fikd;1;0.2;142;10000000;1;8;2.1e-08;1.118e-06;5.0326e-05;3.6e-08;5.143e-05;-7.1e-08
fikd;1;0.2;143;10000000;1;8;2.2e-08;1.144e-06;3.576e-05;2.1e-08;3.692e-05;-2.7e-08
fikd;1;0.2;144;10000000;1;8;2.1e-08;1.83e-06;0.000170734;3.1e-08;0.000172587;-2.9e-08
fikd;1;0.2;145;10000000;1;8;2.5e-08;1.283e-06;6.4395e-05;3e-08;6.5705e-05;-2.8e-08
fikd;1;0.2;146;10000000;1;8;2.2e-08;1.531e-06;8.7637e-05;3.1e-08;8.9188e-05;-3.3e-08
fikd;1;0.2;147;10000000;1;8;3e-08;1.869e-06;9.507e-05;3.1e-08;9.6967e-05;-3.3e-08
fikd;1;0.2;148;10000000;1;8;2.2e-08;1.348e-06;9.6807e-05;2.1e-08;9.8163e-05;-3.5e-08
fikd;1;0.2;149;10000000;1;8;2.1e-08;1.307e-06;0.000111646;3e-08;0.000112977;-2.7e-08
fikd;1;0.2;150;10000000;1;8;2.1e-08;1.449e-06;4.9776e-05;3.2e-08;5.1246e-05;-3.2e-08
fikd;1;0.2;151;10000000;1;8;2.2e-08;9.08e-07;3.191e-05;3.4e-08;3.2845e-05;-2.9e-08
fikd;1;0.2;152;10000000;1;8;2.7e-08;1.34e-06;8.83e-05;3.3e-08;8.9627e-05;-7.3e-08
fikd;1;0.2;153;10000000;1;8;2.5e-08;1.317e-06;0.000101217;3.1e-08;0.000102562;-2.8e-08
fikd;1;0.2;154;10000000;1;8;2.7e-08;9.01e-07;2.1274e-05;2.3e-08;2.2197e-05;-2.8e-08
fikd;1;0.2;155;10000000;1;8;3e-08;1.572e-06;0.000101476;3.3e-08;0.000103075;-3.6e-08
fikd;1;0.2;156;10000000;1;8;2.1e-08;1.641e-06;9.8807e-05;3.1e-08;0.000100465;-3.5e-08
fikd;1;0.2;157;10000000;1;8;2.4e-08;1.334e-06;3.6628e-05;3e-08;3.7987e-05;-2.9e-08
fikd;1;0.2;158;10000000;1;8;3.6e-08;1.496e-06;0.000103049;3e-08;0.000104537;-7.4e-08
fikd;1;0.2;159;10000000;1;8;2.2e-08;1.337e-06;0.000107183;3e-08;0.000108543;-2.9e-08
fikd;1;0.2;160;10000000;1;8;2.1e-08;1.783e-06;0.000199375;3e-08;0.00020118;-2.9e-08
fikd;1;0.2;161;10000000;1;8;2.1e-08;1.823e-06;9.2486e-05;3.1e-08;9.4328e-05;-3.3e-08
fikd;1;0.2;162;10000000;1;8;2.1e-08;1.89e-06;0.000180876;3e-08;0.000182789;-2.8e-08
fikd;1;0.2;163;10000000;1;8;2.2e-08;1.207e-06;5.4678e-05;3e-08;5.5902e-05;-3.5e-08
fikd;1;0.2;164;10000000;1;8;2e-08;1.3e-06;5.41e-05;2.1e-08;5.5408e-05;-3.3e-08
fikd;1;0.2;165;10000000;1;8;2.1e-08;1.238e-06;5.9609e-05;3.2e-08;6.0873e-05;-2.7e-08
fikd;1;0.2;166;10000000;1;8;2.1e-08;1.865e-06;0.000210238;4.1e-08;0.000212129;-3.6e-08
fikd;1;0.2;167;10000000;1;8;2.1e-08;1.824e-06;8.6663e-05;3e-08;8.851e-05;-2.8e-08
fikd;1;0.2;168;10000000;1;8;2.1e-08;1.684e-06;0.000127162;3e-08;0.000128861;-3.6e-08
fikd;1;0.2;169;10000000;1;8;2.1e-08;1.556e-06;7.37e-05;3e-08;7.5278e-05;-2.9e-08
fikd;1;0.2;170;10000000;1;8;2.2e-08;1.365e-06;5.1647e-05;3e-08;5.3035e-05;-2.9e-08
fikd;1;0.2;171;10000000;1;8;2.6e-08;1.41e-06;0.000117053;3.1e-08;0.000118492;-2.8e-08
fikd;1;0.2;172;10000000;1;8;2.1e-08;1.565e-06;9.8315e-05;3e-08;9.9903e-05;-2.8e-08
fikd;1;0.2;173;10000000;1;8;2.1e-08;1.81e-06;0.000179718;3e-08;0.000181545;-3.4e-08
fikd;1;0.2;174;10000000;1;8;2.1e-08;9.41e-07;1.9591e-05;2.2e-08;2.0548e-05;-2.7e-08
fikd;1;0.2;175;10000000;1;8;2.2e-08;5.438e-06;6.8838e-05;3.4e-08;7.4301e-05;-3.1e-08
fikd;1;0.2;176;10000000;1;8;4.4e-08;1.51e-06;0.000104933;3.3e-08;0.000106484;-3.6e-08
fikd;1;0.2;177;10000000;1;8;2.3e-08;1.301e-06;6.3261e-05;3.3e-08;6.4593e-05;-2.5e-08
fikd;1;0.2;178;10000000;1;8;2.3e-08;8.81e-07;3.693e-05;3.3e-08;3.7838e-05;-2.9e-08
fikd;1;0.2;179;10000000;1;8;2.7e-08;1.903e-06;0.000184954;3.1e-08;0.000186879;-3.6e-08
fikd;1;0.2;180;10000000;1;8;2.1e-08;1.745e-06;0.000198944;3e-08;0.00020071;-3e-08
fikd;1;0.2;181;10000000;1;8;2.1e-08;1.785e-06;0.000175097;2.1e-08;0.00017689;-3.4e-08
fikd;1;0.2;182;10000000;1;8;2.1e-08;1.375e-06;7.5007e-05;3.2e-08;7.6407e-05;-2.8e-08
fikd;1;0.2;183;10000000;1;8;2.1e-08;1.061e-06;6.4233e-05;3.2e-08;6.532e-05;-2.7e-08
fikd;1;0.2;184;10000000;1;8;2.8e-08;1.336e-06;8.283e-05;3e-08;8.4195e-05;-2.9e-08
fikd;1;0.2;185;10000000;1;8;3.7e-08;1.306e-06;0.000108424;3e-08;0.000109767;-3e-08
fikd;1;0.2;186;10000000;1;8;2.1e-08;1.201e-06;3.6561e-05;2.1e-08;3.7775e-05;-2.9e-08
fikd;1;0.2;187;10000000;1;8;2.1e-08;9.92e-07;3.6763e-05;2.3e-08;3.7772e-05;-2.7e-08
fikd;1;0.2;188;10000000;1;8;3.1e-08;1.821e-06;0.000205061;3.2e-08;0.000206917;-2.8e-08
fikd;1;0.2;189;10000000;1;8;2.2e-08;1.125e-06;5.6137e-05;3.1e-08;5.7288e-05;-2.7e-08
fikd;1;0.2;190;10000000;1;8;2.9e-08;1.068e-06;6.7319e-05;2.3e-08;6.8412e-05;-2.7e-08
fikd;1;0.2;191;10000000;1;8;2.7e-08;1.781e-06;0.000170024;3.1e-08;0.000171836;-2.7e-08
fikd;1;0.2;192;10000000;1;8;2.1e-08;1.128e-06;5.8132e-05;3e-08;5.9283e-05;-2.8e-08
fikd;1;0.2;193;10000000;1;8;2.4e-08;1.869e-06;8.2027e-05;3e-08;8.3916e-05;-3.4e-08
fikd;1;0.2;194;10000000;1;8;2.1e-08;1.463e-06;5.1618e-05;3.1e-08;5.3104e-05;-2.9e-08
fikd;1;0.2;195;10000000;1;8;3.4e-08;1.195e-06;2.7392e-05;2.3e-08;2.8617e-05;-2.7e-08
fikd;1;0.2;196;10000000;1;8;2.1e-08;1.44e-06;8.8264e-05;3.1e-08;8.9728e-05;-2.8e-08
fikd;1;0.2;197;10000000;1;8;2.1e-08;1.88e-06;0.00016856;3e-08;0.000170458;-3.3e-08
fikd;1;0.2;198;10000000;1;8;2.1e-08;1.576e-06;0.000119744;2.2e-08;0.000121335;-2.8e-08
fikd;1;0.2;199;10000000;1;8;2.6e-08;1.264e-06;0.000107679;3e-08;0.000108972;-2.7e-08
fikd;1;0.2;200;10000000;1;8;2.1e-08;1.816e-06;0.000197457;3.1e-08;0.000199297;-2.8e-08
fikd;1;0.2;201;10000000;1;8;2.2e-08;1.449e-06;9.5954e-05;3.1e-08;9.7428e-05;-2.8e-08
fikd;1;0.2;202;10000000;1;8;3.9e-08;1.774e-06;0.000193021;3.1e-08;0.000194838;-2.7e-08
fikd;1;0.2;203;10000000;1;8;3.5e-08;1.485e-06;6.8272e-05;3.1e-08;6.9794e-05;-2.9e-08
fikd;1;0.2;204;10000000;1;8;2.7e-08;1.499e-06;9.1937e-05;3e-08;9.3465e-05;-2.8e-08
fikd;1;0.2;205;10000000;1;8;2.1e-08;1.188e-06;5.5443e-05;3.1e-08;5.6655e-05;-2.8e-08
fikd;1;0.2;206;10000000;1;8;2.5e-08;1.344e-06;9.8004e-05;3.3e-08;9.9349e-05;-5.7e-08
fikd;1;0.2;207;10000000;1;8;2.2e-08;1.125e-06;5.3833e-05;3e-08;5.4981e-05;-2.9e-08
fikd;1;0.2;208;10000000;1;8;2e-08;1.744e-06;0.000171874;3.1e-08;0.000173641;-2.8e-08
fikd;1;0.2;209;10000000;1;8;2.2e-08;1.473e-06;9.039e-05;3.2e-08;9.1889e-05;-2.8e-08
fikd;1;0.2;210;10000000;1;8;2.1e-08;1.809e-06;0.000175928;3e-08;0.000177759;-2.9e-08
fikd;1;0.2;211;10000000;1;8;2.2e-08;1.793e-06;0.000179471;3e-08;0.000181288;-2.8e-08
fikd;1;0.2;212;10000000;1;8;3.7e-08;1.464e-06;0.00010084;3.1e-08;0.000102343;-2.9e-08
fikd;1;0.2;213;10000000;1;8;2.1e-08;1.555e-06;6.4321e-05;3.2e-08;6.59e-05;-2.9e-08
fikd;1;0.2;214;10000000;1;8;2.8e-08;1.904e-06;0.000200925;3e-08;0.000202858;-2.9e-08
fikd;1;0.2;215;10000000;1;8;2.1e-08;1.772e-06;0.000209312;3.2e-08;0.000211109;-2.8e-08
fikd;1;0.2;216;10000000;1;8;2.1e-08;1.362e-06;0.000104855;3.1e-08;0.000106242;-2.7e-08
fikd;1;0.2;217;10000000;1;8;2.1e-08;1.268e-06;0.000120475;3.2e-08;0.000121769;-2.7e-08
fikd;1;0.2;218;10000000;1;8;2.1e-08;1.297e-06;0.000103619;3.1e-08;0.000104941;-2.7e-08
fikd;1;0.2;219;10000000;1;8;3.6e-08;1.395e-06;0.000120775;3e-08;0.000122208;-2.8e-08
fikd;1;0.2;220;10000000;1;8;2.1e-08;1.348e-06;6.5802e-05;3.2e-08;6.7174e-05;-2.9e-08
fikd;1;0.2;221;10000000;1;8;2.1e-08;1.852e-06;8.6557e-05;3e-08;8.8427e-05;-3.3e-08
fikd;1;0.2;222;10000000;1;8;2.1e-08;2.025e-06;0.000136787;3.4e-08;0.000138785;-8.2e-08
fikd;1;0.2;223;10000000;1;8;2.1e-08;9.48e-07;2.9569e-05;2.1e-08;3.053e-05;-2.9e-08
fikd;1;0.2;224;10000000;1;8;3.9e-08;1.648e-06;9.1548e-05;3e-08;9.3237e-05;-2.8e-08
fikd;1;0.2;225;10000000;1;8;2.2e-08;1.866e-06;0.000174204;2.1e-08;0.000176078;-3.5e-08
fikd;1;0.2;226;10000000;1;8;2.1e-08;1.209e-06;6.0868e-05;3.1e-08;6.2102e-05;-2.7e-08
fikd;1;0.2;227;10000000;1;8;2.2e-08;1.233e-06;5.181e-05;3e-08;5.3066e-05;-2.9e-08
fikd;1;0.2;228;10000000;1;8;2.2e-08;1.397e-06;9.7507e-05;3.1e-08;9.8929e-05;-2.8e-08
fikd;1;0.2;229;10000000;1;8;2.6e-08;1.303e-06;0.000110306;2.8e-08;0.00011163;-3.3e-08
fikd;1;0.2;230;10000000;1;8;3.6e-08;1.694e-06;9.7465e-05;3.3e-08;9.9202e-05;-2.6e-08
fikd;1;0.2;231;10000000;1;8;2.4e-08;9.45e-07;3.2745e-05;2.4e-08;3.3708e-05;-3e-08
fikd;1;0.2;232;10000000;1;8;3.2e-08;1.306e-06;7.2529e-05;3.2e-08;7.3871e-05;-2.8e-08
fikd;1;0.2;233;10000000;1;8;2.1e-08;1.963e-06;9.2503e-05;3e-08;9.4484e-05;-3.3e-08
fikd;1;0.2;234;10000000;1;8;3e-08;1.943e-06;0.000179022;4e-08;0.000180999;-3.6e-08
fikd;1;0.2;235;10000000;1;8;2.2e-08;1.828e-06;0.00016609;3e-08;0.000167938;-3.2e-08
fikd;1;0.2;236;10000000;1;8;2.2e-08;1.578e-06;6.7433e-05;3e-08;6.9034e-05;-2.9e-08
fikd;1;0.2;237;10000000;1;8;2.1e-08;1.654e-06;9.2843e-05;3.2e-08;9.4517e-05;-3.3e-08
fikd;1;0.2;238;10000000;1;8;2.1e-08;1.219e-06;7.1853e-05;3.3e-08;7.2989e-05;-1.37e-07
fikd;1;0.2;239;10000000;1;8;3.6e-08;1.469e-06;4.2371e-05;3e-08;4.3878e-05;-2.8e-08
fikd;1;0.2;240;10000000;1;8;2.1e-08;1.23e-06;5.9173e-05;3e-08;6.0425e-05;-2.9e-08
fikd;1;0.2;241;10000000;1;8;2e-08;1.734e-06;9.8209e-05;2.1e-08;9.9951e-05;-3.3e-08
fikd;1;0.2;242;10000000;1;8;2.1e-08;1.634e-06;9.4424e-05;3.2e-08;9.6078e-05;-3.3e-08
fikd;1;0.2;243;10000000;1;8;2.9e-08;1.236e-06;5.9212e-05;3.2e-08;6.0482e-05;-2.7e-08
fikd;1;0.2;244;10000000;1;8;2.4e-08;1.214e-06;5.4843e-05;2.1e-08;5.6069e-05;-3.3e-08
fikd;1;0.2;245;10000000;1;8;2.1e-08;1.795e-06;0.000151926;3.3e-08;0.000153748;-2.7e-08
fikd;1;0.2;246;10000000;1;8;2.2e-08;1.764e-06;0.000185052;3.1e-08;0.000186831;-3.8e-08
fikd;1;0.2;247;10000000;1;8;2.1e-08;1.324e-06;0.000112254;2.3e-08;0.000113594;-2.8e-08
fikd;1;0.2;248;10000000;1;8;2.1e-08;1.077e-06;3.2734e-05;2.1e-08;3.3825e-05;-2.8e-08
fikd;1;0.2;249;10000000;1;8;2.1e-08;1.599e-06;0.000164275;3.1e-08;0.000165897;-2.9e-08
fikd;1;0.2;250;10000000;1;8;2.1e-08;1.399e-06;0.000128663;3.3e-08;0.000130089;-2.7e-08
fikd;1;0.2;251;10000000;1;8;2.1e-08;1.308e-06;5.3014e-05;3.1e-08;5.4346e-05;-2.8e-08
fikd;1;0.2;252;10000000;1;8;2.9e-08;1.04e-06;3.8616e-05;2.1e-08;3.9678e-05;-2.8e-08
fikd;1;0.2;253;10000000;1;8;2.2e-08;1.309e-06;9.6119e-05;3e-08;9.7451e-05;-2.9e-08
fikd;1;0.2;254;10000000;1;8;2.1e-08;1.894e-06;0.000197947;3.3e-08;0.000199812;-8.3e-08
fikd;1;0.2;255;10000000;1;8;2.1e-08;1.796e-06;0.000183811;3.2e-08;0.000185633;-2.7e-08
fikd;1;0.2;256;10000000;1;8;2.1e-08;1.089e-06;2.7712e-05;2.3e-08;2.8818e-05;-2.7e-08
fikd;1;0.2;257;10000000;1;8;2.1e-08;1.321e-06;8.9335e-05;3.1e-08;9.0681e-05;-2.7e-08
fikd;1;0.2;258;10000000;1;8;2e-08;1.784e-06;0.000177905;3.2e-08;0.000179712;-2.9e-08
fikd;1;0.2;259;10000000;1;8;2.1e-08;1.939e-06;0.000166924;3.2e-08;0.000168889;-2.7e-08
fikd;1;0.2;260;10000000;1;8;2.2e-08;1.235e-06;5.7886e-05;3.2e-08;5.9147e-05;-2.8e-08
fikd;1;0.2;261;10000000;1;8;3.2e-08;1.912e-06;0.000148493;3.1e-08;0.000150441;-2.7e-08
fikd;1;0.2;262;10000000;1;8;2.1e-08;1.755e-06;0.00015459;3e-08;0.000156367;-2.9e-08
fikd;1;0.2;263;10000000;1;8;2.2e-08;9.7e-07;2.8608e-05;2.1e-08;2.9593e-05;-2.8e-08
fikd;1;0.2;264;10000000;1;8;2.1e-08;1.432e-06;9.7479e-05;3.1e-08;9.8935e-05;-2.8e-08
fikd;1;0.2;265;10000000;1;8;2.6e-08;1.881e-06;0.000205278;3e-08;0.000207187;-2.8e-08
fikd;1;0.2;266;10000000;1;8;4.1e-08;1.51e-06;6.2158e-05;3e-08;6.371e-05;-2.9e-08
fikd;1;0.2;267;10000000;1;8;2.1e-08;1.734e-06;0.000105066;3.1e-08;0.00010682;-3.2e-08
fikd;1;0.2;268;10000000;1;8;2.7e-08;1.227e-06;4.2548e-05;2.2e-08;4.3796e-05;-2.8e-08
fikd;1;0.2;269;10000000;1;8;2.2e-08;1.404e-06;9.468e-05;2.2e-08;9.61e-05;-2.8e-08
fikd;1;0.2;270;10000000;1;8;2.8e-08;1.419e-06;5.9544e-05;3.5e-08;6.0949e-05;-7.7e-08
fikd;1;0.2;271;10000000;1;8;2.1e-08;1.85e-06;0.000203223;3.1e-08;0.000205098;-2.7e-08
fikd;1;0.2;272;10000000;1;8;2.1e-08;9.69e-07;4.3207e-05;3e-08;4.42e-05;-2.7e-08
fikd;1;0.2;273;10000000;1;8;2.2e-08;1.272e-06;6.0933e-05;3e-08;6.2229e-05;-2.8e-08
fikd;1;0.2;274;10000000;1;8;2.1e-08;1.64e-06;7.9729e-05;3.1e-08;8.1393e-05;-2.8e-08
fikd;1;0.2;275;10000000;1;8;2.1e-08;1.85e-06;0.000173477;3.3e-08;0.000175354;-2.7e-08
fikd;1;0.2;276;10000000;1;8;3.9e-08;1.491e-06;9.8957e-05;3e-08;0.000100488;-2.9e-08
fikd;1;0.2;277;10000000;1;8;2e-08;1.788e-06;0.000201274;3e-08;0.000203084;-2.8e-08
fikd;1;0.2;278;10000000;1;8;2.1e-08;1.403e-06;0.000114042;3e-08;0.000115467;-2.9e-08
fikd;1;0.2;279;10000000;1;8;2.3e-08;1.739e-06;0.000183572;3.1e-08;0.000185338;-2.7e-08
fikd;1;0.2;280;10000000;1;8;2.1e-08;1.205e-06;4.7315e-05;3e-08;4.8542e-05;-2.9e-08
fikd;1;0.2;281;10000000;1;8;2.1e-08;1.053e-06;4.8564e-05;3.1e-08;4.9642e-05;-2.7e-08
fikd;1;0.2;282;10000000;1;8;2.3e-08;1.724e-06;0.000186015;3.1e-08;0.000187765;-2.8e-08
fikd;1;0.2;283;10000000;1;8;2.2e-08;1.82e-06;0.000199803;3.1e-08;0.000201648;-2.8e-08
fikd;1;0.2;284;10000000;1;8;2.1e-08;1.456e-06;4.9775e-05;3.3e-08;5.1258e-05;-2.7e-08
fikd;1;0.2;285;10000000;1;8;3.7e-08;1.345e-06;0.000106853;3.1e-08;0.000108238;-2.8e-08
fikd;1;0.2;286;10000000;1;8;2.8e-08;1.423e-06;0.000105175;3.4e-08;0.000106601;-5.9e-08
fikd;1;0.2;287;10000000;1;8;3.1e-08;1.561e-06;0.000114457;3e-08;0.00011605;-2.9e-08
fikd;1;0.2;288;10000000;1;8;2.5e-08;1.359e-06;0.000127278;3.2e-08;0.000128668;-2.6e-08
fikd;1;0.2;289;10000000;1;8;2.7e-08;1.81e-06;0.000196352;3e-08;0.00019819;-2.9e-08
fikd;1;0.2;290;10000000;1;8;2.1e-08;1.182e-06;6.3941e-05;3.1e-08;6.5147e-05;-2.8e-08
fikd;1;0.2;291;10000000;1;8;2.1e-08;1.321e-06;5.935e-05;2.1e-08;6.0685e-05;-2.8e-08
fikd;1;0.2;292;10000000;1;8;3.5e-08;1.47e-06;0.000105663;3e-08;0.00010717;-2.8e-08
fikd;1;0.2;293;10000000;1;8;2.2e-08;1.154e-06;2.5813e-05;2.1e-08;2.6982e-05;-2.8e-08
fikd;1;0.2;294;10000000;1;8;2.2e-08;1.833e-06;0.000183128;3.1e-08;0.000184987;-2.7e-08
fikd;1;0.2;295;10000000;1;8;3.4e-08;1.407e-06;0.000114355;3.1e-08;0.0001158;-2.7e-08
fikd;1;0.2;296;10000000;1;8;2e-08;1.155e-06;5.2903e-05;3e-08;5.4081e-05;-2.7e-08
fikd;1;0.2;297;10000000;1;8;2.8e-08;1.736e-06;0.000179797;3e-08;0.000181563;-2.8e-08
fikd;1;0.2;298;10000000;1;8;2.1e-08;1.717e-06;0.000175382;3e-08;0.000177123;-2.7e-08
fikd;1;0.2;299;10000000;1;8;3.3e-08;8.93e-07;3.2103e-05;2.1e-08;3.3022e-05;-2.8e-08
fikd;1;0.2;300;10000000;1;8;2.1e-08;1.649e-06;0.000194135;3e-08;0.000195806;-2.9e-08
fikd;1;0.2;301;10000000;1;8;2.2e-08;1.451e-06;5.2593e-05;3.1e-08;5.4069e-05;-2.8e-08
fikd;1;0.2;302;10000000;1;8;2.6e-08;1.311e-06;7.9206e-05;3.3e-08;8.0493e-05;-8.3e-08
fikd;1;0.2;303;10000000;1;8;3.6e-08;1.41e-06;0.000134819;3.1e-08;0.000136268;-2.8e-08
fikd;1;0.2;304;10000000;1;8;3.3e-08;1.864e-06;0.000167252;3.3e-08;0.000169149;-3.3e-08
fikd;1;0.2;305;10000000;1;8;3.9e-08;1.062e-06;7.7713e-05;3.1e-08;7.8816e-05;-2.9e-08
fikd;1;0.2;306;10000000;1;8;2.2e-08;9.95e-07;7.6826e-05;3e-08;7.7844e-05;-2.9e-08
fikd;1;0.2;307;10000000;1;8;3.8e-08;1.074e-06;5.7363e-05;3.2e-08;5.848e-05;-2.7e-08
fikd;1;0.2;308;10000000;1;8;2.7e-08;1.12e-06;4.3459e-05;3e-08;4.4607e-05;-2.9e-08
fikd;1;0.2;309;10000000;1;8;2.4e-08;6.81e-07;1.8903e-05;2.1e-08;1.9601e-05;-2.8e-08
fikd;1;0.2;310;10000000;1;8;3e-08;1.345e-06;8.473e-05;3.1e-08;8.6108e-05;-2.8e-08
fikd;1;0.2;311;10000000;1;8;4.2e-08;1.054e-06;6.2111e-05;3.2e-08;6.3211e-05;-2.8e-08
fikd;1;0.2;312;10000000;1;8;3.8e-08;1.109e-06;5.8129e-05;3.2e-08;5.9281e-05;-2.7e-08
fikd;1;0.2;313;10000000;1;8;4.4e-08;1.854e-06;0.000169734;3e-08;0.000171633;-2.9e-08
fikd;1;0.2;314;10000000;1;8;2.1e-08;1.423e-06;0.000119121;3e-08;0.000120566;-2.9e-08
fikd;1;0.2;315;10000000;1;8;2.1e-08;1.941e-06;0.000176329;3.1e-08;0.000178294;-2.8e-08
fikd;1;0.2;316;10000000;1;8;2.8e-08;1.527e-06;0.000103555;3.2e-08;0.000105115;-2.7e-08
fikd;1;0.2;317;10000000;1;8;3.3e-08;1.145e-06;5.1697e-05;2.1e-08;5.2868e-05;-2.8e-08
fikd;1;0.2;318;10000000;1;8;3.2e-08;1.108e-06;3.4316e-05;2.3e-08;3.539e-05;-8.9e-08
fikd;1;0.2;319;10000000;1;8;2.1e-08;1.357e-06;9.4796e-05;3e-08;9.6175e-05;-2.9e-08
fikd;1;0.2;320;10000000;1;8;2.1e-08;1.622e-06;0.000147003;3e-08;0.000148649;-2.7e-08
fikd;1;0.2;321;10000000;1;8;4e-08;1.445e-06;0.000119737;3.1e-08;0.000121225;-2.8e-08
fikd;1;0.2;322;10000000;1;8;2.1e-08;1.156e-06;5.8727e-05;3.1e-08;5.9907e-05;-2.8e-08
fikd;1;0.2;323;10000000;1;8;2.2e-08;1.274e-06;0.000130162;3e-08;0.000131459;-2.9e-08
fikd;1;0.2;324;10000000;1;8;2.6e-08;1.204e-06;0.000121674;3.1e-08;0.000122907;-2.8e-08
fikd;1;0.2;325;10000000;1;8;2.1e-08;1.019e-06;7.3217e-05;3e-08;7.4259e-05;-2.8e-08
fikd;1;0.2;326;10000000;1;8;2.2e-08;1.237e-06;0.000114921;3.1e-08;0.000116182;-2.9e-08
fikd;1;0.2;327;10000000;1;8;3.3e-08;1.246e-06;0.000107611;3.1e-08;0.000108893;-2.8e-08
fikd;1;0.2;328;10000000;1;8;3.1e-08;1.832e-06;0.000196194;3.1e-08;0.00019806;-2.8e-08
fikd;1;0.2;329;10000000;1;8;2.2e-08;1.825e-06;0.000196891;3.3e-08;0.00019874;-3.1e-08
fikd;1;0.2;330;10000000;1;8;3.8e-08;1.41e-06;4.7785e-05;3.4e-08;4.9238e-05;-2.9e-08
fikd;1;0.2;331;10000000;1;8;2.4e-08;1.349e-06;0.000129416;3.1e-08;0.000130792;-2.8e-08
fikd;1;0.2;332;10000000;1;8;2.2e-08;1.018e-06;1.7075e-05;2.2e-08;1.8109e-05;-2.8e-08
fikd;1;0.2;333;10000000;1;8;3.5e-08;1.284e-06;6.8666e-05;3e-08;6.9986e-05;-2.9e-08
fikd;1;0.2;334;10000000;1;8;2.6e-08;1.413e-06;5.5329e-05;3.5e-08;5.6731e-05;-7.2e-08
fikd;1;0.2;335;10000000;1;8;3.1e-08;1.31e-06;0.000109041;3.3e-08;0.000110388;-2.7e-08
fikd;1;0.2;336;10000000;1;8;2.1e-08;1.748e-06;0.000184386;3e-08;0.000186156;-2.9e-08
fikd;1;0.2;337;10000000;1;8;2.1e-08;1.457e-06;9.0702e-05;3.4e-08;9.2187e-05;-2.7e-08
fikd;1;0.2;338;10000000;1;8;2.2e-08;1.722e-06;0.000180354;3.1e-08;0.0001821;-2.9e-08
fikd;1;0.2;339;10000000;1;8;3.8e-08;1.682e-06;7.7247e-05;2.9e-08;7.8967e-05;-2.9e-08
fikd;1;0.2;340;10000000;1;8;2.3e-08;1.883e-06;0.000158439;3e-08;0.000160346;-2.9e-08
fikd;1;0.2;341;10000000;1;8;4.1e-08;1.411e-06;0.000104377;3e-08;0.00010583;-2.9e-08
fikd;1;0.2;342;10000000;1;8;2.3e-08;9.86e-07;3.0938e-05;2.1e-08;3.194e-05;-2.8e-08
fikd;1;0.2;343;10000000;1;8;3e-08;1.271e-06;4.4339e-05;3e-08;4.5643e-05;-2.7e-08
fikd;1;0.2;344;10000000;1;8;2.2e-08;1.775e-06;9.1819e-05;3e-08;9.3619e-05;-2.7e-08
fikd;1;0.2;345;10000000;1;8;2.3e-08;1.442e-06;9.4387e-05;3.1e-08;9.5855e-05;-2.8e-08
fikd;1;0.2;346;10000000;1;8;2e-08;1.069e-06;5.3228e-05;2.1e-08;5.431e-05;-2.8e-08
fikd;1;0.2;347;10000000;1;8;2.2e-08;1.523e-06;0.000103938;2.1e-08;0.000105475;-2.9e-08
fikd;1;0.2;348;10000000;1;8;2.7e-08;1.41e-06;0.000107783;3.1e-08;0.000109223;-2.8e-08
fikd;1;0.2;349;10000000;1;8;3.1e-08;1.457e-06;5.8476e-05;3e-08;5.9966e-05;-2.8e-08
fikd;1;0.2;350;10000000;1;8;6.1e-08;1.467e-06;8.9837e-05;3.3e-08;9.1322e-05;-7.6e-08
fikd;1;0.2;351;10000000;1;8;2.1e-08;1.351e-06;0.000112776;2.1e-08;0.000114141;-2.8e-08
fikd;1;0.2;352;10000000;1;8;2.9e-08;1.12e-06;3.1067e-05;3.1e-08;3.2218e-05;-2.9e-08
fikd;1;0.2;353;10000000;1;8;3.7e-08;1.298e-06;9.421e-05;3e-08;9.5546e-05;-2.9e-08
fikd;1;0.2;354;10000000;1;8;2.9e-08;1.373e-06;6.6477e-05;3.3e-08;6.7885e-05;-2.7e-08
fikd;1;0.2;355;10000000;1;8;2.1e-08;1.804e-06;7.4418e-05;3e-08;7.6244e-05;-2.9e-08
fikd;1;0.2;356;10000000;1;8;2.6e-08;1.311e-06;0.000109616;3e-08;0.000110956;-2.7e-08
fikd;1;0.2;357;10000000;1;8;2.1e-08;1.072e-06;6.3153e-05;3e-08;6.4248e-05;-2.8e-08
fikd;1;0.2;358;10000000;1;8;2.2e-08;1.452e-06;4.6718e-05;3.1e-08;4.8194e-05;-2.9e-08
fikd;1;0.2;359;10000000;1;8;2.2e-08;1.397e-06;0.000102011;3.1e-08;0.000103434;-2.7e-08
fikd;1;0.2;360;10000000;1;8;2.1e-08;1.226e-06;0.000107312;3.1e-08;0.000108561;-2.9e-08
fikd;1;0.2;361;10000000;1;8;3.6e-08;1.526e-06;9.3592e-05;3e-08;9.5155e-05;-2.9e-08
fikd;1;0.2;362;10000000;1;8;2.2e-08;1.205e-06;4.9551e-05;3.2e-08;5.0783e-05;-2.7e-08
fikd;1;0.2;363;10000000;1;8;2.2e-08;1.895e-06;0.000208341;3e-08;0.000210259;-2.9e-08
fikd;1;0.2;364;10000000;1;8;2e-08;1.224e-06;5.0612e-05;2e-08;5.1848e-05;-2.8e-08
fikd;1;0.2;365;10000000;1;8;2.1e-08;1.283e-06;0.000109565;3e-08;0.00011087;-2.9e-08
fikd;1;0.2;366;10000000;1;8;2.6e-08;1.753e-06;0.000175386;3.4e-08;0.00017711;-8.9e-08
fikd;1;0.2;367;10000000;1;8;2.1e-08;8.6e-07;3.6472e-05;2.3e-08;3.7349e-05;-2.7e-08
fikd;1;0.2;368;10000000;1;8;2.1e-08;1.01e-06;2.8226e-05;3.3e-08;2.9263e-05;-2.7e-08
fikd;1;0.2;369;10000000;1;8;2.6e-08;1.266e-06;0.00011853;3e-08;0.000119824;-2.8e-08
fikd;1;0.2;370;10000000;1;8;2.9e-08;1.215e-06;6.1755e-05;3.1e-08;6.3003e-05;-2.7e-08
fikd;1;0.2;371;10000000;1;8;3.4e-08;1.95e-06;0.000179167;3.1e-08;0.000181154;-2.8e-08
fikd;1;0.2;372;10000000;1;8;2.1e-08;1.862e-06;0.000183838;3.2e-08;0.00018572;-3.3e-08
fikd;1;0.2;373;10000000;1;8;2.1e-08;1.394e-06;0.000105675;3e-08;0.000107092;-2.8e-08
fikd;1;0.2;374;10000000;1;8;2.1e-08;1.264e-06;5.5438e-05;2e-08;5.6714e-05;-2.9e-08
fikd;1;0.2;375;10000000;1;8;2.1e-08;1.777e-06;0.00014862;3.1e-08;0.000150421;-2.8e-08
fikd;1;0.2;376;10000000;1;8;2.1e-08;1.795e-06;0.000105689;3.2e-08;0.000107511;-2.6e-08
fikd;1;0.2;377;10000000;1;8;2.3e-08;1.224e-06;2.9879e-05;2.1e-08;3.112e-05;-2.7e-08
fikd;1;0.2;378;10000000;1;8;2.2e-08;1.059e-06;7.82e-05;3e-08;7.9283e-05;-2.8e-08
fikd;1;0.2;379;10000000;1;8;2.1e-08;1.768e-06;0.000152407;3.1e-08;0.000154198;-2.9e-08
fikd;1;0.2;380;10000000;1;8;3.7e-08;1.399e-06;9.6616e-05;3e-08;9.8048e-05;-3.4e-08
fikd;1;0.2;381;10000000;1;8;2.1e-08;1.364e-06;8.7062e-05;3e-08;8.8448e-05;-2.9e-08
fikd;1;0.2;382;10000000;1;8;2.1e-08;1.421e-06;8.9818e-05;3.6e-08;9.1216e-05;-8e-08
fikd;1;0.2;383;10000000;1;8;2.2e-08;1.34e-06;0.000103202;3e-08;0.000104566;-2.8e-08
fikd;1;0.2;384;10000000;1;8;2.2e-08;1.126e-06;6.2649e-05;3.1e-08;6.38e-05;-2.8e-08
fikd;1;0.2;385;10000000;1;8;2.4e-08;1.289e-06;0.000123542;3.2e-08;0.000124859;-2.8e-08
fikd;1;0.2;386;10000000;1;8;2.1e-08;1.745e-06;0.000187162;3.1e-08;0.000188931;-2.8e-08
fikd;1;0.2;387;10000000;1;8;2.1e-08;1.84e-06;0.000171142;3.1e-08;0.000173;-3.4e-08
fikd;1;0.2;388;10000000;1;8;3.5e-08;1.934e-06;0.000175927;3.1e-08;0.000177898;-2.9e-08
fikd;1;0.2;389;10000000;1;8;2.1e-08;1.172e-06;2.9432e-05;3.1e-08;3.0628e-05;-2.8e-08
fikd;1;0.2;390;10000000;1;8;4e-08;1.3e-06;4.409e-05;3e-08;4.5431e-05;-2.9e-08
fikd;1;0.2;391;10000000;1;8;3.9e-08;1.29e-06;0.000125407;3e-08;0.000126737;-2.9e-08
fikd;1;0.2;392;10000000;1;8;3.1e-08;1.376e-06;9.3015e-05;3.2e-08;9.4427e-05;-2.7e-08
fikd;1;0.2;393;10000000;1;8;2.9e-08;2e-06;0.000183965;2.2e-08;0.000185988;-2.8e-08
fikd;1;0.2;394;10000000;1;8;2.2e-08;1.364e-06;0.000104079;3.1e-08;0.000105468;-2.8e-08
fikd;1;0.2;395;10000000;1;8;2.8e-08;1.551e-06;8.8308e-05;2.3e-08;8.9881e-05;-2.9e-08
fikd;1;0.2;396;10000000;1;8;2.2e-08;1.983e-06;0.00586048;1.99e-07;0.00586258;-1e-07
fikd;1;0.2;397;10000000;1;8;3.5e-08;1.7211e-05;7.1402e-05;3.3e-08;8.8653e-05;-2.8e-08
fikd;1;0.2;398;10000000;1;8;4.5e-08;1.827e-06;0.0001486;3.6e-08;0.000150458;-5e-08
fikd;1;0.2;399;10000000;1;8;4e-08;2.47e-06;0.000201482;3.3e-08;0.000204;-2.5e-08
fikd;1;0.2;400;10000000;1;8;3e-08;1.408e-06;2.5088e-05;2e-08;2.6517e-05;-2.9e-08
fikd;1;0.2;401;10000000;1;8;2.4e-08;1.453e-06;0.000114803;2.2e-08;0.000116274;-2.8e-08
fikd;1;0.2;402;10000000;1;8;2.1e-08;2.01e-06;0.000191967;3e-08;0.000194001;-2.7e-08
fikd;1;0.2;403;10000000;1;8;2e-08;1.989e-06;0.000210232;3.2e-08;0.000212239;-3.4e-08
fikd;1;0.2;404;10000000;1;8;2.2e-08;1.967e-06;0.000189612;3.1e-08;0.000191598;-3.4e-08
fikd;1;0.2;405;10000000;1;8;3.1e-08;2.095e-06;0.000200105;3e-08;0.000202232;-2.9e-08
fikd;1;0.2;406;10000000;1;8;2.1e-08;1.158e-06;1.9939e-05;2e-08;2.111e-05;-2.8e-08
fikd;1;0.2;407;10000000;1;8;2.9e-08;1.704e-06;0.000194988;3.1e-08;0.000196724;-2.8e-08
fikd;1;0.2;408;10000000;1;8;2.1e-08;1.397e-06;4.962e-05;3.2e-08;5.1036e-05;-3.4e-08
fikd;1;0.2;409;10000000;1;8;2.3e-08;1.895e-06;0.000208693;3.1e-08;0.000210608;-3.4e-08
fikd;1;0.2;410;10000000;1;8;2.1e-08;1.86e-06;0.000185976;3.1e-08;0.00018786;-2.8e-08
fikd;1;0.2;411;10000000;1;8;2.1e-08;1.247e-06;5.2907e-05;3.1e-08;5.4178e-05;-2.8e-08
fikd;1;0.2;412;10000000;1;8;3.4e-08;1.615e-06;5.8484e-05;3.1e-08;6.0136e-05;-2.8e-08
fikd;1;0.2;413;10000000;1;8;5.4e-08;1.454e-06;6.1008e-05;3e-08;6.2518e-05;-2.8e-08
fikd;1;0.2;414;10000000;1;8;2.3e-08;2.015e-06;0.000166654;3.4e-08;0.000168646;-8e-08
fikd;1;0.2;415;10000000;1;8;2.1e-08;1.141e-06;4.1222e-05;2.2e-08;4.2378e-05;-2.8e-08
fikd;1;0.2;416;10000000;1;8;2.2e-08;1.842e-06;0.000162396;3.1e-08;0.000164254;-3.7e-08
fikd;1;0.2;417;10000000;1;8;2.1e-08;1.533e-06;0.000101085;3.2e-08;0.000102644;-2.7e-08
fikd;1;0.2;418;10000000;1;8;2.5e-08;1.52e-06;0.000103962;3.1e-08;0.00010551;-2.8e-08
fikd;1;0.2;419;10000000;1;8;2.1e-08;1.371e-06;5.0668e-05;3.1e-08;5.2063e-05;-2.8e-08
fikd;1;0.2;420;10000000;1;8;2.4e-08;1.581e-06;0.000125884;3e-08;0.00012749;-2.9e-08
fikd;1;0.2;421;10000000;1;8;2.1e-08;1.377e-06;0.000144046;3.1e-08;0.000145446;-2.9e-08
fikd;1;0.2;422;10000000;1;8;3.1e-08;2.016e-06;0.00017489;3e-08;0.000176939;-2.8e-08
fikd;1;0.2;423;10000000;1;8;2.2e-08;1.507e-06;8.9293e-05;3e-08;9.0824e-05;-2.8e-08
fikd;1;0.2;424;10000000;1;8;2.1e-08;1.412e-06;8.633e-05;3.2e-08;8.7768e-05;-2.7e-08
fikd;1;0.2;425;10000000;1;8;2.6e-08;1.039e-06;2.7014e-05;2.1e-08;2.8072e-05;-2.8e-08
fikd;1;0.2;426;10000000;1;8;5.1e-08;1.213e-06;0.000135765;3.1e-08;0.000137033;-2.7e-08
fikd;1;0.2;427;10000000;1;8;2.2e-08;1.62e-06;9.8173e-05;3e-08;9.9817e-05;-2.8e-08
fikd;1;0.2;428;10000000;1;8;2.1e-08;1.479e-06;8.5567e-05;3.2e-08;8.7072e-05;-2.7e-08
fikd;1;0.2;429;10000000;1;8;2.5e-08;1.383e-06;9.6279e-05;3.1e-08;9.769e-05;-2.8e-08
fikd;1;0.2;430;10000000;1;8;2.1e-08;1.416e-06;9.5092e-05;3.3e-08;9.6478e-05;-8.4e-08
fikd;1;0.2;431;10000000;1;8;6.9e-08;1.496e-06;0.000112832;3.1e-08;0.000114393;-3.5e-08
fikd;1;0.2;432;10000000;1;8;4.7e-08;1.215e-06;5.9165e-05;3e-08;6.0428e-05;-2.9e-08
fikd;1;0.2;433;10000000;1;8;2.5e-08;1.993e-06;0.000185611;3.1e-08;0.000187633;-2.7e-08
fikd;1;0.2;434;10000000;1;8;2.6e-08;1.175e-06;7.3504e-05;3e-08;7.4707e-05;-2.8e-08
fikd;1;0.2;435;10000000;1;8;3e-08;1.265e-06;7.0966e-05;3.1e-08;7.2263e-05;-2.9e-08
fikd;1;0.2;436;10000000;1;8;3.3e-08;1.309e-06;0.00012713;3.1e-08;0.000128476;-2.7e-08
fikd;1;0.2;437;10000000;1;8;3e-08;1.852e-06;9.0497e-05;3.1e-08;9.2383e-05;-2.7e-08
fikd;1;0.2;438;10000000;1;8;5.1e-08;2.037e-06;0.000206708;3e-08;0.000208799;-2.7e-08
fikd;1;0.2;439;10000000;1;8;2.2e-08;1.08e-06;6.5868e-05;2.9e-08;6.697e-05;-2.9e-08
fikd;1;0.2;440;10000000;1;8;2.1e-08;1.403e-06;0.000119536;3e-08;0.000120961;-2.9e-08
fikd;1;0.2;441;10000000;1;8;3.5e-08;1.896e-06;0.000178564;3.1e-08;0.000180498;-2.8e-08
fikd;1;0.2;442;10000000;1;8;2.2e-08;1.78e-06;0.000181051;3.1e-08;0.000182845;-3.9e-08
fikd;1;0.2;443;10000000;1;8;2.1e-08;1.903e-06;0.000170305;2.2e-08;0.000172223;-2.8e-08
fikd;1;0.2;444;10000000;1;8;2.1e-08;1.892e-06;0.000191281;3e-08;0.000193195;-2.9e-08
fikd;1;0.2;445;10000000;1;8;2.1e-08;1.284e-06;3.3909e-05;2.1e-08;3.5206e-05;-2.9e-08
fikd;1;0.2;446;10000000;1;8;2.3e-08;1.808e-06;0.000173387;3.2e-08;0.000175191;-5.9e-08
fikd;1;0.2;447;10000000;1;8;2.2e-08;1.236e-06;2.8698e-05;3e-08;2.9958e-05;-2.8e-08
fikd;1;0.2;448;10000000;1;8;2.3e-08;1.79e-06;0.000196503;3.3e-08;0.000198322;-2.7e-08
fikd;1;0.2;449;10000000;1;8;2.1e-08;1.394e-06;9.3094e-05;3e-08;9.451e-05;-2.9e-08
fikd;1;0.2;450;10000000;1;8;2.1e-08;1.129e-06;5.4395e-05;3e-08;5.5546e-05;-2.9e-08
fikd;1;0.2;451;10000000;1;8;2.3e-08;1.321e-06;5.3477e-05;3.1e-08;5.4825e-05;-2.7e-08
fikd;1;0.2;452;10000000;1;8;2.1e-08;1.85e-06;0.000207674;3e-08;0.000209546;-2.9e-08
fikd;1;0.2;453;10000000;1;8;2.1e-08;1.598e-06;0.000137624;3.1e-08;0.000139246;-2.8e-08
fikd;1;0.2;454;10000000;1;8;2.1e-08;1.778e-06;0.000112711;3.1e-08;0.000114504;-3.7e-08
fikd;1;0.2;455;10000000;1;8;2.1e-08;1.511e-06;9.8491e-05;3.3e-08;0.000100029;-2.7e-08
fikd;1;0.2;456;10000000;1;8;2.2e-08;1.9e-06;0.000201752;3e-08;0.000203666;-3.8e-08
fikd;1;0.2;457;10000000;1;8;2.1e-08;1.762e-06;9.6234e-05;3.3e-08;9.8023e-05;-2.7e-08
fikd;1;0.2;458;10000000;1;8;2.1e-08;1.501e-06;0.000103868;3e-08;0.000105391;-2.9e-08
fikd;1;0.2;459;10000000;1;8;2.5e-08;1.409e-06;8.051e-05;3.1e-08;8.1946e-05;-2.9e-08
fikd;1;0.2;460;10000000;1;8;2.1e-08;1.447e-06;9.2309e-05;3.1e-08;9.3779e-05;-2.9e-08
fikd;1;0.2;461;10000000;1;8;2.5e-08;1.35e-06;0.000104955;3.1e-08;0.000106332;-2.9e-08
fikd;1;0.2;462;10000000;1;8;2.1e-08;1.335e-06;0.000109168;3.4e-08;0.000110484;-7.4e-08
fikd;1;0.2;463;10000000;1;8;2.1e-08;1.28e-06;0.00011747;3.1e-08;0.000118773;-2.9e-08
fikd;1;0.2;464;10000000;1;8;2.1e-08;1.897e-06;0.000150579;3.1e-08;0.0001525;-2.8e-08
fikd;1;0.2;465;10000000;1;8;2.2e-08;1.537e-06;5.3288e-05;3.1e-08;5.485e-05;-2.8e-08
fikd;1;0.2;466;10000000;1;8;2e-08;1.334e-06;8.3632e-05;3.1e-08;8.4982e-05;-3.5e-08
fikd;1;0.2;467;10000000;1;8;2.5e-08;1.17e-06;3.5635e-05;2.1e-08;3.6822e-05;-2.9e-08
fikd;1;0.2;468;10000000;1;8;2.1e-08;1.296e-06;6.2413e-05;3.2e-08;6.3735e-05;-2.7e-08
fikd;1;0.2;469;10000000;1;8;5.1e-08;1.301e-06;4.6687e-05;3.1e-08;4.8042e-05;-2.8e-08
fikd;1;0.2;470;10000000;1;8;2.3e-08;1.281e-06;5.5195e-05;3.3e-08;5.6505e-05;-2.7e-08
fikd;1;0.2;471;10000000;1;8;2.2e-08;1.81e-06;0.000174014;3e-08;0.000175849;-2.7e-08
fikd;1;0.2;472;10000000;1;8;2.2e-08;1.95e-06;0.000174551;3.1e-08;0.000176526;-2.8e-08
fikd;1;0.2;473;10000000;1;8;2.2e-08;1.122e-06;5.1498e-05;1.9e-08;5.263e-05;-3.1e-08
fikd;1;0.2;474;10000000;1;8;2.5e-08;1.469e-06;0.000110065;3.4e-08;0.000111562;-3.1e-08
fikd;1;0.2;475;10000000;1;8;1.9e-08;1.41e-06;8.9717e-05;3.2e-08;9.1148e-05;-3e-08
fikd;1;0.2;476;10000000;1;8;2e-08;1.499e-06;5.5627e-05;3.2e-08;5.7151e-05;-2.7e-08
fikd;1;0.2;477;10000000;1;8;2.2e-08;1.447e-06;0.000121666;3.1e-08;0.000123138;-2.8e-08
fikd;1;0.2;478;10000000;1;8;2.1e-08;1.146e-06;5.6733e-05;3.4e-08;5.7861e-05;-7.3e-08
fikd;1;0.2;479;10000000;1;8;3.1e-08;1.242e-06;9.5762e-05;3.1e-08;9.7038e-05;-2.8e-08
fikd;1;0.2;480;10000000;1;8;2.1e-08;1.116e-06;5.2586e-05;3.2e-08;5.3728e-05;-2.7e-08
fikd;1;0.2;481;10000000;1;8;2.8e-08;1.323e-06;4.7817e-05;3e-08;4.9169e-05;-2.9e-08
fikd;1;0.2;482;10000000;1;8;2.2e-08;1.278e-06;0.000134546;3.1e-08;0.00013585;-2.7e-08
fikd;1;0.2;483;10000000;1;8;2.2e-08;1.552e-06;0.000131711;3e-08;0.000133287;-2.8e-08
fikd;1;0.2;484;10000000;1;8;2.1e-08;9.65e-07;7.7084e-05;3.2e-08;7.8075e-05;-2.7e-08
fikd;1;0.2;485;10000000;1;8;2.2e-08;1.305e-06;0.000114874;3.1e-08;0.000116205;-2.7e-08
fikd;1;0.2;486;10000000;1;8;2.3e-08;1.372e-06;5.1873e-05;4e-08;5.3281e-05;-2.7e-08
fikd;1;0.2;487;10000000;1;8;3.4e-08;1.43e-06;6.9995e-05;3.2e-08;7.1459e-05;-3.2e-08
fikd;1;0.2;488;10000000;1;8;3.5e-08;8.26e-07;3.38e-05;3e-08;3.4662e-05;-2.9e-08
fikd;1;0.2;489;10000000;1;8;2.1e-08;1.198e-06;0.000108648;3e-08;0.00010987;-2.7e-08
fikd;1;0.2;490;10000000;1;8;2.8e-08;1.227e-06;5.0219e-05;3e-08;5.1475e-05;-2.9e-08
fikd;1;0.2;491;10000000;1;8;2.1e-08;1.091e-06;4.9601e-05;3e-08;5.0715e-05;-2.8e-08
fikd;1;0.2;492;10000000;1;8;2.1e-08;1.847e-06;0.000189999;3.2e-08;0.000191872;-2.7e-08
fikd;1;0.2;493;10000000;1;8;2.1e-08;1.766e-06;0.000200567;3e-08;0.000202355;-2.9e-08
fikd;1;0.2;494;10000000;1;8;2.1e-08;1.77e-06;0.000135186;3.4e-08;0.000136928;-8.3e-08
fikd;1;0.2;495;10000000;1;8;2.2e-08;1.851e-06;0.000187152;3.2e-08;0.000189031;-2.6e-08
fikd;1;0.2;496;10000000;1;8;2.2e-08;1.859e-06;0.000170669;3.1e-08;0.000172553;-2.8e-08
fikd;1;0.2;497;10000000;1;8;2.1e-08;1.43e-06;8.7348e-05;3e-08;8.8801e-05;-2.8e-08
fikd;1;0.2;498;10000000;1;8;2.2e-08;1.128e-06;2.771e-05;3e-08;2.8861e-05;-2.9e-08
fikd;1;0.2;499;10000000;1;8;3.6e-08;1.868e-06;0.00013352;3e-08;0.000135418;-3.6e-08
fikd;1;0.2;500;10000000;1;8;2e-08;1.151e-06;5.345e-05;3e-08;5.4623e-05;-2.8e-08
fikd;1;0.2;501;10000000;1;8;2.8e-08;1.422e-06;0.000104053;3e-08;0.000105505;-2.8e-08
fikd;1;0.2;502;10000000;1;8;2.4e-08;1.855e-06;0.000206859;3.3e-08;0.000208735;-3.6e-08
fikd;1;0.2;503;10000000;1;8;2.2e-08;1.254e-06;6.0366e-05;3e-08;6.1643e-05;-2.9e-08
fikd;1;0.2;504;10000000;1;8;2.4e-08;1.838e-06;0.000193435;3e-08;0.000195287;-4e-08
fikd;1;0.2;505;10000000;1;8;2.1e-08;1.303e-06;4.7326e-05;2.2e-08;4.8645e-05;-2.7e-08
fikd;1;0.2;506;10000000;1;8;2.4e-08;1.714e-06;0.000152796;3e-08;0.000154535;-2.9e-08
fikd;1;0.2;507;10000000;1;8;2.4e-08;1.452e-06;9.0422e-05;3.2e-08;9.1902e-05;-2.8e-08
fikd;1;0.2;508;10000000;1;8;2.2e-08;1.337e-06;4.5412e-05;3e-08;4.6773e-05;-2.8e-08
fikd;1;0.2;509;10000000;1;8;2.3e-08;1.143e-06;3.3511e-05;2.4e-08;3.4674e-05;-2.7e-08
fikd;1;0.2;510;10000000;1;8;2.1e-08;1.818e-06;0.000191911;3.4e-08;0.000193725;-5.9e-08
fikd;1;0.2;511;10000000;1;8;2.1e-08;1.716e-06;0.000113895;2.6e-08;0.000115622;-3.6e-08
fikd;1;0.2;512;10000000;1;8;2e-08;1.533e-06;0.000111833;3.3e-08;0.000113389;-3e-08
fikd;1;0.2;513;10000000;1;8;3.7e-08;1.916e-06;0.000190575;3.1e-08;0.000192526;-3.3e-08
fikd;1;0.2;514;10000000;1;8;2.1e-08;1.804e-06;0.000146319;3.1e-08;0.000148147;-2.8e-08
fikd;1;0.2;515;10000000;1;8;2.1e-08;1.812e-06;8.7949e-05;3.1e-08;8.9775e-05;-3.8e-08
fikd;1;0.2;516;10000000;1;8;2.2e-08;9.88e-07;3.5499e-05;3e-08;3.6511e-05;-2.8e-08
fikd;1;0.2;517;10000000;1;8;2.1e-08;1.76e-06;0.000193191;3.1e-08;0.000194967;-3.6e-08
fikd;1;0.2;518;10000000;1;8;2e-08;1.21e-06;4.8128e-05;3.2e-08;4.9362e-05;-2.8e-08
fikd;1;0.2;519;10000000;1;8;2.3e-08;1.268e-06;0.000127632;3.1e-08;0.000128925;-2.9e-08
fikd;1;0.2;520;10000000;1;8;3.6e-08;1.439e-06;6.3016e-05;3.1e-08;6.4495e-05;-2.7e-08
fikd;1;0.2;521;10000000;1;8;2.9e-08;1.46e-06;0.000114722;3e-08;0.000116212;-2.9e-08
fikd;1;0.2;522;10000000;1;8;2.6e-08;1.334e-06;6.2133e-05;3.2e-08;6.3498e-05;-2.7e-08
fikd;1;0.2;523;10000000;1;8;2.7e-08;1.347e-06;0.00010003;3.3e-08;0.00010141;-2.7e-08
fikd;1;0.2;524;10000000;1;8;2.1e-08;1.171e-06;5.5305e-05;3e-08;5.6498e-05;-2.9e-08
fikd;1;0.2;525;10000000;1;8;3.4e-08;1.886e-06;0.000113695;3e-08;0.000115608;-3.7e-08
fikd;1;0.2;526;10000000;1;8;2.1e-08;1.733e-06;0.000155743;3.4e-08;0.000157452;-7.9e-08
fikd;1;0.2;527;10000000;1;8;3.8e-08;1.174e-06;7.191e-05;3e-08;7.3125e-05;-2.7e-08
fikd;1;0.2;528;10000000;1;8;2.5e-08;1.305e-06;0.000114206;3.2e-08;0.000115541;-2.7e-08
fikd;1;0.2;529;10000000;1;8;2.8e-08;1.907e-06;0.000207923;3.2e-08;0.000209863;-2.7e-08
fikd;1;0.2;530;10000000;1;8;2.1e-08;1.972e-06;0.000177902;3e-08;0.000179897;-2.8e-08
fikd;1;0.2;531;10000000;1;8;2.1e-08;1.583e-06;0.000102028;3e-08;0.000103633;-2.9e-08
fikd;1;0.2;532;10000000;1;8;2.1e-08;1.769e-06;0.000102499;3.1e-08;0.000104286;-3.4e-08
fikd;1;0.2;533;10000000;1;8;2.3e-08;1.77e-06;0.000111447;3.1e-08;0.000113238;-3.3e-08
fikd;1;0.2;534;10000000;1;8;2.1e-08;1.911e-06;0.000186237;3.1e-08;0.000188164;-3.6e-08
fikd;1;0.2;535;10000000;1;8;2.1e-08;1.343e-06;0.000103605;3e-08;0.000104971;-2.8e-08
fikd;1;0.2;536;10000000;1;8;3.5e-08;1.721e-06;0.000142598;3.2e-08;0.00014436;-2.6e-08
fikd;1;0.2;537;10000000;1;8;2.1e-08;1.243e-06;2.812e-05;3.4e-08;2.9391e-05;-2.7e-08
fikd;1;0.2;538;10000000;1;8;3.1e-08;1.823e-06;0.000191549;3e-08;0.0001934;-3.3e-08
fikd;1;0.2;539;10000000;1;8;2.1e-08;2.001e-06;0.000198525;3e-08;0.000200548;-2.9e-08
fikd;1;0.2;540;10000000;1;8;2.1e-08;1.41e-06;6.5808e-05;3e-08;6.724e-05;-2.9e-08
fikd;1;0.2;541;10000000;1;8;2.5e-08;1.899e-06;0.000165217;3.1e-08;0.000167138;-3.4e-08
fikd;1;0.2;542;10000000;1;8;2.2e-08;1.39e-06;0.000120187;3.4e-08;0.000121561;-7.2e-08
fikd;1;0.2;543;10000000;1;8;2.2e-08;1.264e-06;0.000108988;3.1e-08;0.000110278;-2.7e-08
fikd;1;0.2;544;10000000;1;8;3.6e-08;1.498e-06;0.000100136;3.1e-08;0.000101673;-2.8e-08
fikd;1;0.2;545;10000000;1;8;2.2e-08;1.233e-06;2.8426e-05;2e-08;2.9673e-05;-2.8e-08
fikd;1;0.2;546;10000000;1;8;2.1e-08;7.79e-07;2.0361e-05;2.1e-08;2.1154e-05;-2.8e-08
fikd;1;0.2;547;10000000;1;8;2.1e-08;9.81e-07;7.5297e-05;3e-08;7.63e-05;-2.9e-08
fikd;1;0.2;548;10000000;1;8;2.1e-08;1.32e-06;9.1053e-05;3e-08;9.2395e-05;-2.9e-08
fikd;1;0.2;549;10000000;1;8;2.1e-08;1.334e-06;0.000130741;3e-08;0.000132097;-2.9e-08
fikd;1;0.2;550;10000000;1;8;2.2e-08;1.319e-06;0.000111621;3e-08;0.000112964;-2.8e-08
fikd;1;0.2;551;10000000;1;8;2.1e-08;1.871e-06;0.000190153;3e-08;0.000192047;-2.8e-08
fikd;1;0.2;552;10000000;1;8;2.1e-08;1.29e-06;8.4325e-05;3.2e-08;8.564e-05;-2.8e-08
fikd;1;0.2;553;10000000;1;8;2.2e-08;1.812e-06;0.000192526;3.2e-08;0.000194362;-3e-08
fikd;1;0.2;554;10000000;1;8;3.1e-08;1.627e-06;8.6698e-05;3.1e-08;8.836e-05;-2.7e-08
fikd;1;0.2;555;10000000;1;8;2.1e-08;8.98e-07;2.1158e-05;2.1e-08;2.207e-05;-2.8e-08
fikd;1;0.2;556;10000000;1;8;2.4e-08;1.694e-06;0.00019568;3.1e-08;0.000197395;-3.4e-08
fikd;1;0.2;557;10000000;1;8;2.1e-08;1.414e-06;5.1688e-05;2.1e-08;5.3116e-05;-2.8e-08
fikd;1;0.2;558;10000000;1;8;2.2e-08;1.362e-06;0.000105196;3.3e-08;0.000106533;-8e-08
fikd;1;0.2;559;10000000;1;8;2.1e-08;1.312e-06;0.000117619;3.1e-08;0.000118956;-2.7e-08
fikd;1;0.2;560;10000000;1;8;2.1e-08;1.168e-06;6.1944e-05;3.1e-08;6.3136e-05;-2.8e-08
fikd;1;0.2;561;10000000;1;8;2.1e-08;1.454e-06;9.9436e-05;3e-08;0.000100913;-2.8e-08
fikd;1;0.2;562;10000000;1;8;2.1e-08;1.244e-06;0.000119761;3e-08;0.000121028;-2.8e-08
fikd;1;0.2;563;10000000;1;8;3.6e-08;1.394e-06;6.5627e-05;3.4e-08;6.7062e-05;-2.9e-08
fikd;1;0.2;564;10000000;1;8;2.1e-08;1.43e-06;0.000105713;3e-08;0.000107165;-2.9e-08
fikd;1;0.2;565;10000000;1;8;3e-08;1.827e-06;8.6509e-05;3.1e-08;8.837e-05;-2.7e-08
fikd;1;0.2;566;10000000;1;8;2.6e-08;1.941e-06;0.000173895;3.1e-08;0.000175856;-3.7e-08
fikd;1;0.2;567;10000000;1;8;2.1e-08;1.78e-06;0.00018314;3e-08;0.000184942;-2.9e-08
fikd;1;0.2;568;10000000;1;8;2e-08;1.702e-06;0.000103043;3.1e-08;0.000104761;-3.5e-08
fikd;1;0.2;569;10000000;1;8;2.1e-08;1.949e-06;0.000201132;3.2e-08;0.0002031;-3.4e-08
fikd;1;0.2;570;10000000;1;8;3.9e-08;1.873e-06;0.000184622;3.2e-08;0.000186539;-2.7e-08
fikd;1;0.2;571;10000000;1;8;2.2e-08;1.813e-06;0.000156671;3.1e-08;0.000158509;-2.8e-08
fikd;1;0.2;572;10000000;1;8;2e-08;1.189e-06;3.11e-05;2.3e-08;3.2304e-05;-2.8e-08
fikd;1;0.2;573;10000000;1;8;3.5e-08;1.795e-06;0.000173795;3e-08;0.000175619;-3.6e-08
fikd;1;0.2;574;10000000;1;8;2.2e-08;1.382e-06;0.0001101;3.3e-08;0.000111474;-6.3e-08
fikd;1;0.2;575;10000000;1;8;2.5e-08;1.82e-06;0.000189449;2.2e-08;0.000191288;-2.8e-08
fikd;1;0.2;576;10000000;1;8;2.1e-08;1.142e-06;2.9957e-05;2.3e-08;3.1114e-05;-2.9e-08
fikd;1;0.2;577;10000000;1;8;2.1e-08;1.33e-06;0.000102804;3e-08;0.000104158;-2.7e-08
fikd;1;0.2;578;10000000;1;8;3.6e-08;1.231e-06;6.778e-05;3.2e-08;6.9051e-05;-2.8e-08
fikd;1;0.2;579;10000000;1;8;2.4e-08;1.362e-06;0.000105307;3e-08;0.000106695;-2.8e-08
fikd;1;0.2;580;10000000;1;8;2.2e-08;1.439e-06;0.000102515;2.4e-08;0.000103973;-2.7e-08
fikd;1;0.2;581;10000000;1;8;2.2e-08;1.365e-06;0.000102145;3.1e-08;0.000103535;-2.8e-08
fikd;1;0.2;582;10000000;1;8;2.1e-08;1.342e-06;0.000104703;3.1e-08;0.000106069;-2.8e-08
fikd;1;0.2;583;10000000;1;8;2.1e-08;1.307e-06;9.5e-05;3.1e-08;9.6331e-05;-2.8e-08
fikd;1;0.2;584;10000000;1;8;2.1e-08;1.797e-06;0.000194521;3e-08;0.00019634;-2.9e-08
fikd;1;0.2;585;10000000;1;8;2.2e-08;1.869e-06;0.000109794;3e-08;0.000111681;-3.4e-08
fikd;1;0.2;586;10000000;1;8;2.1e-08;1.379e-06;9.7634e-05;3.2e-08;9.9039e-05;-2.7e-08
fikd;1;0.2;587;10000000;1;8;3.9e-08;1.91e-06;0.00017976;3e-08;0.000181711;-2.8e-08
fikd;1;0.2;588;10000000;1;8;2.1e-08;1.17e-06;5.507e-05;3e-08;5.6264e-05;-2.7e-08
fikd;1;0.2;589;10000000;1;8;2.1e-08;1.299e-06;7.0682e-05;3.3e-08;7.2008e-05;-2.7e-08
fikd;1;0.2;590;10000000;1;8;2e-08;1.487e-06;4.7599e-05;3.4e-08;4.9084e-05;-5.6e-08
fikd;1;0.2;591;10000000;1;8;2.2e-08;9.13e-07;2.9575e-05;2e-08;3.0502e-05;-2.8e-08
fikd;1;0.2;592;10000000;1;8;2.1e-08;9.42e-07;7.0773e-05;3.1e-08;7.174e-05;-2.7e-08
fikd;1;0.2;593;10000000;1;8;2.1e-08;1.189e-06;3.4051e-05;3e-08;3.5263e-05;-2.8e-08
fikd;1;0.2;594;10000000;1;8;2.4e-08;1.147e-06;5.1833e-05;3.1e-08;5.3007e-05;-2.8e-08
fikd;1;0.2;595;10000000;1;8;2.2e-08;1.842e-06;8.9648e-05;3.1e-08;9.1516e-05;-2.7e-08
fikd;1;0.2;596;10000000;1;8;2e-08;1.16e-06;5.2835e-05;3e-08;5.4017e-05;-2.8e-08
fikd;1;0.2;597;10000000;1;8;2.1e-08;1.108e-06;5.8468e-05;2.1e-08;5.959e-05;-2.8e-08
fikd;1;0.2;598;10000000;1;8;2.1e-08;1.285e-06;7.2179e-05;3.2e-08;7.349e-05;-2.7e-08
fikd;1;0.2;599;10000000;1;8;2.3e-08;1.351e-06;9.6377e-05;3e-08;9.7752e-05;-2.9e-08
fikd;1;0.2;600;10000000;1;8;5e-08;1.94e-06;0.000177935;3e-08;0.000179926;-2.9e-08
fikd;1;0.2;601;10000000;1;8;2.2e-08;1.982e-06;0.000185635;3.2e-08;0.000187644;-2.7e-08
fikd;1;0.2;602;10000000;1;8;2.7e-08;1.344e-06;5.3537e-05;3e-08;5.4909e-05;-2.9e-08
fikd;1;0.2;603;10000000;1;8;2.2e-08;1.114e-06;2.6046e-05;2.1e-08;2.7175e-05;-2.8e-08
fikd;1;0.2;604;10000000;1;8;3e-08;1.65e-06;8.0813e-05;3e-08;8.2496e-05;-2.7e-08
fikd;1;0.2;605;10000000;1;8;2.2e-08;1.424e-06;0.00010176;3e-08;0.000103199;-3.7e-08
fikd;1;0.2;606;10000000;1;8;2.1e-08;1.408e-06;9.4027e-05;3.4e-08;9.5434e-05;-5.6e-08
fikd;1;0.2;607;10000000;1;8;2.2e-08;1.759e-06;0.000184644;2.1e-08;0.000186412;-3.4e-08
fikd;1;0.2;608;10000000;1;8;2.2e-08;1.314e-06;0.000106045;3.1e-08;0.000107384;-2.8e-08
fikd;1;0.2;609;10000000;1;8;2.7e-08;1.452e-06;0.000114079;3.2e-08;0.000115563;-2.7e-08
fikd;1;0.2;610;10000000;1;8;3.4e-08;1.829e-06;9.2578e-05;3.2e-08;9.4446e-05;-2.7e-08
fikd;1;0.2;611;10000000;1;8;2.2e-08;1.802e-06;0.000205556;3.2e-08;0.000207384;-2.8e-08
fikd;1;0.2;612;10000000;1;8;3.8e-08;1.869e-06;0.000172243;3.2e-08;0.000174147;-3.5e-08
fikd;1;0.2;613;10000000;1;8;2.1e-08;1.09e-06;8.0867e-05;3.1e-08;8.1981e-05;-2.8e-08
fikd;1;0.2;614;10000000;1;8;3.2e-08;1.408e-06;5.0635e-05;3e-08;5.2077e-05;-2.8e-08
fikd;1;0.2;615;10000000;1;8;2.3e-08;1.383e-06;0.000102646;3.1e-08;0.000104055;-2.8e-08
fikd;1;0.2;616;10000000;1;8;2.2e-08;1.366e-06;5.6117e-05;3.2e-08;5.7509e-05;-2.8e-08
fikd;1;0.2;617;10000000;1;8;3.1e-08;1.906e-06;0.000197744;3.3e-08;0.000199684;-3e-08
fikd;1;0.2;618;10000000;1;8;2e-08;1.202e-06;3.319e-05;2.6e-08;3.4408e-05;-3e-08
fikd;1;0.2;619;10000000;1;8;3.5e-08;1.237e-06;5.7717e-05;3.3e-08;5.8992e-05;-3e-08
fikd;1;0.2;620;10000000;1;8;3.3e-08;1.233e-06;6.6827e-05;3e-08;6.8094e-05;-2.9e-08
fikd;1;0.2;621;10000000;1;8;2.3e-08;1.36e-06;9.8083e-05;3.2e-08;9.9471e-05;-2.7e-08
fikd;1;0.2;622;10000000;1;8;3e-08;1.3e-06;4.6623e-05;3.5e-08;4.7908e-05;-8e-08
fikd;1;0.2;623;10000000;1;8;2.2e-08;1.808e-06;0.000185499;3e-08;0.000187331;-2.8e-08
fikd;1;0.2;624;10000000;1;8;2.1e-08;1.301e-06;5.4494e-05;3.1e-08;5.582e-05;-2.7e-08
fikd;1;0.2;625;10000000;1;8;2.1e-08;1.271e-06;0.000100526;3.2e-08;0.000101823;-2.7e-08
fikd;1;0.2;626;10000000;1;8;2.1e-08;1.738e-06;9.1214e-05;3e-08;9.2968e-05;-3.5e-08
fikd;1;0.2;627;10000000;1;8;2.3e-08;1.386e-06;0.000103846;3.2e-08;0.00010526;-2.7e-08
fikd;1;0.2;628;10000000;1;8;3.5e-08;1.551e-06;0.00010228;3.1e-08;0.000103868;-2.9e-08
fikd;1;0.2;629;10000000;1;8;2.1e-08;1.743e-06;0.000184757;3.1e-08;0.000186515;-3.7e-08
fikd;1;0.2;630;10000000;1;8;2.1e-08;1.452e-06;4.7671e-05;2.2e-08;4.9139e-05;-2.7e-08
fikd;1;0.2;631;10000000;1;8;2.4e-08;1.157e-06;6.5505e-05;3.2e-08;6.6691e-05;-2.7e-08
fikd;1;0.2;632;10000000;1;8;2.1e-08;1.089e-06;6.0107e-05;3.2e-08;6.1222e-05;-2.7e-08
fikd;1;0.2;633;10000000;1;8;2e-08;1.712e-06;0.000190653;3.3e-08;0.000192383;-3.5e-08
fikd;1;0.2;634;10000000;1;8;2.1e-08;1.754e-06;0.00014352;3.2e-08;0.0001453;-2.7e-08
fikd;1;0.2;635;10000000;1;8;2.1e-08;1.061e-06;6.2902e-05;3.1e-08;6.3987e-05;-2.8e-08
fikd;1;0.2;636;10000000;1;8;2.1e-08;1.419e-06;6.1914e-05;3.1e-08;6.3356e-05;-2.9e-08
fikd;1;0.2;637;10000000;1;8;4e-08;1.951e-06;0.000177706;3.1e-08;0.000179695;-3.3e-08
fikd;1;0.2;638;10000000;1;8;2.2e-08;1.928e-06;0.000108554;3.4e-08;0.000110265;-2.73e-07
fikd;1;0.2;639;10000000;1;8;2.1e-08;1.865e-06;0.000175795;3e-08;0.000177683;-2.8e-08
fikd;1;0.2;640;10000000;1;8;2.1e-08;1.296e-06;0.000112794;3e-08;0.000114114;-2.7e-08
fikd;1;0.2;641;10000000;1;8;2.1e-08;1.806e-06;0.000190585;3.1e-08;0.000192408;-3.5e-08
fikd;1;0.2;642;10000000;1;8;3.5e-08;1.906e-06;0.000129076;3.4e-08;0.000131017;-3.4e-08
fikd;1;0.2;643;10000000;1;8;2.1e-08;1.411e-06;0.000110049;3.2e-08;0.000111484;-2.9e-08
fikd;1;0.2;644;10000000;1;8;3.5e-08;1.885e-06;0.00017917;3.2e-08;0.000181094;-2.8e-08
fikd;1;0.2;645;10000000;1;8;2.1e-08;1.831e-06;0.000207611;3.2e-08;0.000209468;-2.7e-08
fikd;1;0.2;646;10000000;1;8;2.1e-08;1.025e-06;3.4326e-05;2.6e-08;3.5304e-05;-9.4e-08
fikd;1;0.2;647;10000000;1;8;2.1e-08;1.296e-06;9.3117e-05;3.2e-08;9.4438e-05;-2.8e-08
fikd;1;0.2;648;10000000;1;8;2e-08;1.77e-06;0.000157409;2.3e-08;0.000159186;-3.6e-08
fikd;1;0.2;649;10000000;1;8;3.5e-08;1.818e-06;0.000209481;3.3e-08;0.000211335;-3.2e-08
fikd;1;0.2;650;10000000;1;8;2.1e-08;1.728e-06;0.000191474;2.9e-08;0.000193196;-5.6e-08
fikd;1;0.2;651;10000000;1;8;2.4e-08;1.55e-06;0.000109555;8.2e-08;0.000111181;-3e-08
fikd;1;0.2;652;10000000;1;8;3.1e-08;1.42e-06;4.7482e-05;3.1e-08;4.8937e-05;-2.7e-08
fikd;1;0.2;653;10000000;1;8;2.1e-08;9.28e-07;3.5743e-05;3.3e-08;3.6697e-05;-2.8e-08
fikd;1;0.2;654;10000000;1;8;2.9e-08;9.82e-07;6.6407e-05;3.3e-08;6.7363e-05;-8.8e-08
fikd;1;0.2;655;10000000;1;8;2.1e-08;1.104e-06;7.0672e-05;3.2e-08;7.1802e-05;-2.7e-08
fikd;1;0.2;656;10000000;1;8;2.7e-08;7.26e-07;1.9374e-05;2.1e-08;2.0121e-05;-2.7e-08
fikd;1;0.2;657;10000000;1;8;2.1e-08;1.152e-06;0.000108758;3.3e-08;0.000109937;-2.7e-08
fikd;1;0.2;658;10000000;1;8;2.3e-08;1.143e-06;3.2765e-05;2.2e-08;3.3925e-05;-2.8e-08
fikd;1;0.2;659;10000000;1;8;2.1e-08;1.216e-06;6.7807e-05;2.4e-08;6.9041e-05;-2.7e-08
fikd;1;0.2;660;10000000;1;8;2.1e-08;1.386e-06;0.000115014;3.2e-08;0.000116426;-2.7e-08
fikd;1;0.2;661;10000000;1;8;2.1e-08;1.091e-06;6.3827e-05;3.1e-08;6.4942e-05;-2.8e-08
fikd;1;0.2;662;10000000;1;8;2.1e-08;1.131e-06;7.7485e-05;3.3e-08;7.864e-05;-3e-08
fikd;1;0.2;663;10000000;1;8;3.4e-08;2.049e-06;9.5005e-05;3.2e-08;9.7089e-05;-3.1e-08
fikd;1;0.2;664;10000000;1;8;1.9e-08;1.572e-06;0.000112969;3.3e-08;0.000114562;-3.1e-08
fikd;1;0.2;665;10000000;1;8;2.6e-08;1.174e-06;6.4056e-05;3e-08;6.5258e-05;-2.8e-08
fikd;1;0.2;666;10000000;1;8;2.1e-08;1.353e-06;6.3501e-05;3.1e-08;6.4879e-05;-2.7e-08
fikd;1;0.2;667;10000000;1;8;2e-08;1.449e-06;8.9308e-05;3.1e-08;9.078e-05;-2.8e-08
fikd;1;0.2;668;10000000;1;8;2e-08;1.873e-06;0.000164562;3e-08;0.000166456;-2.9e-08
fikd;1;0.2;669;10000000;1;8;2.2e-08;1.957e-06;0.000149965;3e-08;0.000151945;-2.9e-08
fikd;1;0.2;670;10000000;1;8;2.1e-08;1.488e-06;4.8313e-05;3.2e-08;4.9825e-05;-2.9e-08
fikd;1;0.2;671;10000000;1;8;2.1e-08;1.316e-06;0.000104159;3e-08;0.000105498;-2.8e-08
fikd;1;0.2;672;10000000;1;8;3.5e-08;1.953e-06;0.000182951;3.1e-08;0.000184942;-2.8e-08
fikd;1;0.2;673;10000000;1;8;4.1e-08;1.571e-06;4.9791e-05;3.1e-08;5.1406e-05;-2.8e-08
fikd;1;0.2;674;10000000;1;8;2.1e-08;1.4e-06;0.000109605;3.2e-08;0.000111031;-2.7e-08
fikd;1;0.2;675;10000000;1;8;2.1e-08;1.854e-06;0.000207404;3e-08;0.000209281;-2.8e-08
fikd;1;0.2;676;10000000;1;8;2.1e-08;1.375e-06;0.00011356;3.2e-08;0.000114961;-2.7e-08
fikd;1;0.2;677;10000000;1;8;2.1e-08;1.106e-06;3.8326e-05;3.3e-08;3.9458e-05;-2.8e-08
fikd;1;0.2;678;10000000;1;8;2.1e-08;1.834e-06;0.000195875;3.1e-08;0.000197734;-2.7e-08
fikd;1;0.2;679;10000000;1;8;2.4e-08;1.825e-06;0.000165366;3.1e-08;0.000167217;-2.9e-08
fikd;1;0.2;680;10000000;1;8;3.5e-08;1.449e-06;0.000105876;3.1e-08;0.000107362;-2.9e-08
fikd;1;0.2;681;10000000;1;8;2.1e-08;1.772e-06;0.000184545;3.1e-08;0.000186341;-2.8e-08
fikd;1;0.2;682;10000000;1;8;2.7e-08;1.801e-06;0.000169124;3.1e-08;0.000170956;-2.7e-08
fikd;1;0.2;683;10000000;1;8;2.1e-08;1.423e-06;0.000101518;3.1e-08;0.000102965;-2.8e-08
fikd;1;0.2;684;10000000;1;8;2e-08;1.846e-06;0.000183534;3.1e-08;0.000185403;-2.8e-08
fikd;1;0.2;685;10000000;1;8;2.2e-08;1.125e-06;7.0619e-05;3e-08;7.1767e-05;-2.9e-08
fikd;1;0.2;686;10000000;1;8;4e-08;1.792e-06;0.000175543;3.1e-08;0.000177377;-2.9e-08
fikd;1;0.2;687;10000000;1;8;3.1e-08;1.992e-06;0.000171996;3.1e-08;0.000174023;-2.7e-08
fikd;1;0.2;688;10000000;1;8;2.1e-08;1.467e-06;0.000105003;3e-08;0.000106492;-2.9e-08
fikd;1;0.2;689;10000000;1;8;2.1e-08;1.174e-06;4.1252e-05;2.2e-08;4.2441e-05;-2.8e-08
fikd;1;0.2;690;10000000;1;8;2.1e-08;1.4e-06;5.3207e-05;3.2e-08;5.4633e-05;-2.7e-08
fikd;1;0.2;691;10000000;1;8;2.1e-08;1.151e-06;2.7219e-05;2.1e-08;2.8384e-05;-2.8e-08
fikd;1;0.2;692;10000000;1;8;3.3e-08;1.838e-06;0.000175669;3.1e-08;0.000177541;-3e-08
fikd;1;0.2;693;10000000;1;8;2.5e-08;1.326e-06;6.3458e-05;3.3e-08;6.4815e-05;-2.7e-08
fikd;1;0.2;694;10000000;1;8;2.1e-08;1.877e-06;0.000181209;3e-08;0.000183109;-2.8e-08
fikd;1;0.2;695;10000000;1;8;2.1e-08;5.609e-06;0.000172776;3.3e-08;0.000178409;-3e-08
fikd;1;0.2;696;10000000;1;8;4.5e-08;2.116e-06;0.000192223;3.1e-08;0.000194386;-2.9e-08
fikd;1;0.2;697;10000000;1;8;2.1e-08;1.992e-06;0.000175291;3.2e-08;0.000177307;-2.9e-08
fikd;1;0.2;698;10000000;1;8;2.3e-08;1.846e-06;0.000166745;3e-08;0.000168615;-2.9e-08
fikd;1;0.2;699;10000000;1;8;2.1e-08;1.812e-06;0.000166699;3e-08;0.000168534;-2.8e-08
fikd;1;0.2;700;10000000;1;8;2.1e-08;1.221e-06;2.7502e-05;2.1e-08;2.8737e-05;-2.8e-08
fikd;1;0.2;701;10000000;1;8;4.1e-08;1.434e-06;0.000108601;2.8e-08;0.000110075;-2.9e-08
fikd;1;0.2;702;10000000;1;8;3.1e-08;9.25e-07;4.0025e-05;2.1e-08;4.0973e-05;-2.9e-08
fikd;1;0.2;703;10000000;1;8;2.5e-08;1.753e-06;0.000100694;3e-08;0.000102473;-2.9e-08
fikd;1;0.2;704;10000000;1;8;4e-08;1.177e-06;5.7963e-05;3e-08;5.9181e-05;-2.9e-08
fikd;1;0.2;705;10000000;1;8;2.1e-08;1.236e-06;5.4329e-05;3.3e-08;5.5592e-05;-2.7e-08
fikd;1;0.2;706;10000000;1;8;2.3e-08;1.112e-06;5.7259e-05;3e-08;5.8396e-05;-2.8e-08
fikd;1;0.2;707;10000000;1;8;2.1e-08;1.28e-06;0.000102424;3.1e-08;0.000103723;-3.3e-08
fikd;1;0.2;708;10000000;1;8;2.2e-08;1.138e-06;5.9024e-05;3.1e-08;6.0187e-05;-2.8e-08
fikd;1;0.2;709;10000000;1;8;2.2e-08;9.53e-07;6.4568e-05;3e-08;6.5544e-05;-2.9e-08
fikd;1;0.2;710;10000000;1;8;2.1e-08;1.386e-06;8.4739e-05;3.1e-08;8.6149e-05;-2.8e-08
fikd;1;0.2;711;10000000;1;8;2.2e-08;1.785e-06;0.000178362;3e-08;0.00018017;-2.9e-08
fikd;1;0.2;712;10000000;1;8;2.1e-08;1.747e-06;0.000179237;3e-08;0.000181008;-2.7e-08
fikd;1;0.2;713;10000000;1;8;2.2e-08;1.403e-06;0.000128527;3.1e-08;0.000129956;-2.7e-08
fikd;1;0.2;714;10000000;1;8;2.1e-08;1.272e-06;4.7509e-05;3.2e-08;4.8807e-05;-2.7e-08
fikd;1;0.2;715;10000000;1;8;2.2e-08;1.01e-06;2.9524e-05;3.2e-08;3.056e-05;-2.8e-08
fikd;1;0.2;716;10000000;1;8;2.2e-08;1.229e-06;9.9871e-05;3e-08;0.000101123;-2.9e-08
fikd;1;0.2;717;10000000;1;8;2.6e-08;1.812e-06;0.000162299;3e-08;0.000164138;-2.9e-08
fikd;1;0.2;718;10000000;1;8;2.2e-08;1.442e-06;4.2935e-05;2.3e-08;4.4352e-05;-7e-08
fikd;1;0.2;719;10000000;1;8;2.1e-08;1.299e-06;8.2365e-05;3.2e-08;8.3689e-05;-2.8e-08
fikd;1;0.2;720;10000000;1;8;2.6e-08;1.313e-06;5.2367e-05;3e-08;5.3707e-05;-2.9e-08
fikd;1;0.2;721;10000000;1;8;2.2e-08;1.316e-06;9.5171e-05;3.1e-08;9.6512e-05;-2.8e-08
fikd;1;0.2;722;10000000;1;8;2.3e-08;1.844e-06;0.000193025;3e-08;0.000194896;-2.6e-08
fikd;1;0.2;723;10000000;1;8;4e-08;1.018e-06;3.2324e-05;3.3e-08;3.3388e-05;-2.7e-08
fikd;1;0.2;724;10000000;1;8;2.1e-08;8.3e-07;3.8681e-05;2.3e-08;3.9527e-05;-2.8e-08
fikd;1;0.2;725;10000000;1;8;2.2e-08;1.8e-06;0.000107055;3.1e-08;0.000108881;-2.7e-08
fikd;1;0.2;726;10000000;1;8;2.2e-08;1.456e-06;9.9947e-05;3.2e-08;0.00010143;-2.7e-08
fikd;1;0.2;727;10000000;1;8;2.1e-08;1.902e-06;0.000184992;3.1e-08;0.000186918;-2.8e-08
fikd;1;0.2;728;10000000;1;8;2.1e-08;1.793e-06;0.000200898;3.1e-08;0.000202716;-2.7e-08
fikd;1;0.2;729;10000000;1;8;2.1e-08;1.937e-06;0.000101243;3e-08;0.000103202;-2.9e-08
fikd;1;0.2;730;10000000;1;8;2.1e-08;1.471e-06;8.9928e-05;3.1e-08;9.1423e-05;-2.8e-08
fikd;1;0.2;731;10000000;1;8;2.1e-08;1.62e-06;0.000100769;3e-08;0.000102412;-2.8e-08
fikd;1;0.2;732;10000000;1;8;3.8e-08;1.933e-06;0.000181403;3.3e-08;0.000183378;-2.9e-08
fikd;1;0.2;733;10000000;1;8;3.7e-08;1.337e-06;9.2076e-05;3.2e-08;9.3454e-05;-2.8e-08
fikd;1;0.2;734;10000000;1;8;2.1e-08;1.42e-06;9.7757e-05;3.4e-08;9.9169e-05;-6.3e-08
fikd;1;0.2;735;10000000;1;8;3.7e-08;9.22e-07;1.6806e-05;2.2e-08;1.776e-05;-2.7e-08
fikd;1;0.2;736;10000000;1;8;2.1e-08;1.05e-06;5.4176e-05;3.2e-08;5.5252e-05;-2.7e-08
fikd;1;0.2;737;10000000;1;8;2.1e-08;1.118e-06;6.7227e-05;3.1e-08;6.8369e-05;-2.8e-08
fikd;1;0.2;738;10000000;1;8;2.2e-08;1.827e-06;8.7415e-05;3.1e-08;8.9268e-05;-2.7e-08
fikd;1;0.2;739;10000000;1;8;2.8e-08;1.917e-06;0.00016009;3.1e-08;0.000162038;-2.8e-08
fikd;1;0.2;740;10000000;1;8;2.2e-08;1.132e-06;6.3986e-05;3.1e-08;6.5143e-05;-2.8e-08
fikd;1;0.2;741;10000000;1;8;3.1e-08;1.156e-06;5.3199e-05;2.2e-08;5.438e-05;-2.8e-08
fikd;1;0.2;742;10000000;1;8;2.1e-08;1.076e-06;7.2973e-05;3.3e-08;7.4072e-05;-3.1e-08
fikd;1;0.2;743;10000000;1;8;3.3e-08;1.929e-06;0.000107668;2.9e-08;0.00010963;-2.9e-08
fikd;1;0.2;744;10000000;1;8;2e-08;1.293e-06;3.1609e-05;2.5e-08;3.2916e-05;-3.1e-08
fikd;1;0.2;745;10000000;1;8;2.4e-08;1.089e-06;6.5022e-05;3.2e-08;6.6136e-05;-3.1e-08
fikd;1;0.2;746;10000000;1;8;2.4e-08;1.244e-06;6.5206e-05;3.1e-08;6.6477e-05;-2.8e-08
fikd;1;0.2;747;10000000;1;8;2.1e-08;1.491e-06;4.6106e-05;3.2e-08;4.7623e-05;-2.7e-08
fikd;1;0.2;748;10000000;1;8;2e-08;1.852e-06;0.000181899;3e-08;0.000183772;-2.9e-08
fikd;1;0.2;749;10000000;1;8;2e-08;1.22e-06;5.0353e-05;3.2e-08;5.1598e-05;-2.7e-08
fikd;1;0.2;750;10000000;1;8;2.1e-08;1.816e-06;0.000207965;3.4e-08;0.000209781;-5.5e-08
fikd;1;0.2;751;10000000;1;8;2.2e-08;1.697e-06;8.8585e-05;3.1e-08;9.0307e-05;-2.8e-08
fikd;1;0.2;752;10000000;1;8;2e-08;1.435e-06;8.5173e-05;3.1e-08;8.6632e-05;-2.7e-08
fikd;1;0.2;753;10000000;1;8;2.9e-08;1.455e-06;7.3669e-05;3.1e-08;7.5157e-05;-2.7e-08
fikd;1;0.2;754;10000000;1;8;2.1e-08;8.98e-07;1.5089e-05;2.2e-08;1.6003e-05;-2.7e-08
fikd;1;0.2;755;10000000;1;8;2.1e-08;9.32e-07;2.7022e-05;2.1e-08;2.7968e-05;-2.8e-08
fikd;1;0.2;756;10000000;1;8;2.1e-08;1.759e-06;0.000168888;3.2e-08;0.000170672;-2.8e-08
fikd;1;0.2;757;10000000;1;8;2.2e-08;1.042e-06;7.7988e-05;3e-08;7.9053e-05;-2.9e-08
fikd;1;0.2;758;10000000;1;8;2.1e-08;1.35e-06;7.0539e-05;3.1e-08;7.1913e-05;-2.8e-08
fikd;1;0.2;759;10000000;1;8;2.2e-08;8.9e-07;2.8443e-05;2.5e-08;2.9353e-05;-2.7e-08
fikd;1;0.2;760;10000000;1;8;2.1e-08;1.771e-06;0.000195819;3.1e-08;0.000197614;-2.8e-08
fikd;1;0.2;761;10000000;1;8;2.1e-08;1.096e-06;6.9972e-05;2.2e-08;7.1083e-05;-2.8e-08
fikd;1;0.2;762;10000000;1;8;3e-08;1.725e-06;0.000186048;3.1e-08;0.000187807;-2.7e-08
fikd;1;0.2;763;10000000;1;8;2.1e-08;1.36e-06;6.4905e-05;3e-08;6.6287e-05;-2.9e-08
fikd;1;0.2;764;10000000;1;8;3.6e-08;1.346e-06;0.000130146;3e-08;0.00013153;-2.8e-08
fikd;1;0.2;765;10000000;1;8;2.1e-08;1.81e-06;9.8625e-05;2.1e-08;0.000100448;-2.9e-08
fikd;1;0.2;766;10000000;1;8;2.5e-08;1.452e-06;8.3878e-05;3.4e-08;8.5332e-05;-5.7e-08
fikd;1;0.2;767;10000000;1;8;2.1e-08;8.2e-07;4.1938e-05;3.1e-08;4.2782e-05;-2.8e-08
fikd;1;0.2;768;10000000;1;8;2.1e-08;1.796e-06;0.000205637;3.2e-08;0.000207456;-3e-08
fikd;1;0.2;769;10000000;1;8;2.6e-08;1.823e-06;0.000209422;2.9e-08;0.000211271;-2.9e-08
fikd;1;0.2;770;10000000;1;8;2e-08;1.448e-06;5.3716e-05;2.4e-08;5.5182e-05;-2.6e-08
fikd;1;0.2;771;10000000;1;8;2.4e-08;1.707e-06;0.000160802;3.2e-08;0.000162535;-3e-08
fikd;1;0.2;772;10000000;1;8;3.7e-08;1.303e-06;5.905e-05;3.3e-08;6.0394e-05;-2.9e-08
fikd;1;0.2;773;10000000;1;8;2e-08;8.31e-07;4.0145e-05;2.3e-08;4.0993e-05;-2.6e-08
fikd;1;0.2;774;10000000;1;8;2e-08;1.042e-06;7.5582e-05;3.2e-08;7.6645e-05;-3.1e-08
fikd;1;0.2;775;10000000;1;8;3.6e-08;1.219e-06;7.0072e-05;3e-08;7.1328e-05;-2.9e-08
fikd;1;0.2;776;10000000;1;8;2.1e-08;1.909e-06;0.00018425;3.1e-08;0.000186183;-2.8e-08
fikd;1;0.2;777;10000000;1;8;2.2e-08;1.165e-06;3.6662e-05;3.2e-08;3.7853e-05;-2.8e-08
fikd;1;0.2;778;10000000;1;8;2.5e-08;1.257e-06;9.6361e-05;3e-08;9.7644e-05;-2.9e-08
fikd;1;0.2;779;10000000;1;8;2.1e-08;1.144e-06;5.8912e-05;3e-08;6.0078e-05;-2.9e-08
fikd;1;0.2;780;10000000;1;8;2.1e-08;1.454e-06;9.5113e-05;3e-08;9.6591e-05;-2.7e-08
fikd;1;0.2;781;10000000;1;8;2.1e-08;1.24e-06;3.0962e-05;2.1e-08;3.2216e-05;-2.8e-08
fikd;1;0.2;782;10000000;1;8;2.2e-08;1.264e-06;8.472e-05;3.3e-08;8.5949e-05;-9e-08
fikd;1;0.2;783;10000000;1;8;2.8e-08;1.854e-06;0.000209464;2.9e-08;0.000211346;-2.9e-08
fikd;1;0.2;784;10000000;1;8;3.1e-08;1.568e-06;0.000107662;3.1e-08;0.000109264;-2.8e-08
fikd;1;0.2;785;10000000;1;8;4e-08;1.372e-06;0.000110984;3e-08;0.000112397;-2.9e-08
fikd;1;0.2;786;10000000;1;8;4.7e-08;1.348e-06;0.00010012;3.2e-08;0.00010152;-2.7e-08
fikd;1;0.2;787;10000000;1;8;2.4e-08;1.108e-06;5.4939e-05;3.1e-08;5.6074e-05;-2.8e-08
fikd;1;0.2;788;10000000;1;8;2.6e-08;1.324e-06;8.4636e-05;3.1e-08;8.5989e-05;-2.8e-08
fikd;1;0.2;789;10000000;1;8;2.1e-08;1.274e-06;0.000109488;3e-08;0.000110784;-2.9e-08
fikd;1;0.2;790;10000000;1;8;2.1e-08;1.283e-06;0.000116487;3e-08;0.000117793;-2.8e-08
fikd;1;0.2;791;10000000;1;8;2.1e-08;1.243e-06;5.9226e-05;3e-08;6.0492e-05;-2.8e-08
fikd;1;0.2;792;10000000;1;8;2.1e-08;1.278e-06;6.7106e-05;3.2e-08;6.8409e-05;-2.8e-08
fikd;1;0.2;793;10000000;1;8;3.3e-08;1.838e-06;0.000156088;3.2e-08;0.000157963;-2.8e-08
fikd;1;0.2;794;10000000;1;8;4.1e-08;1.843e-06;0.000173235;3.1e-08;0.000175122;-2.8e-08
fikd;1;0.2;795;10000000;1;8;2.2e-08;1.299e-06;0.000102048;2.4e-08;0.000103365;-2.8e-08
fikd;1;0.2;796;10000000;1;8;2e-08;1.798e-06;0.000192173;3e-08;0.000193992;-2.9e-08
fikd;1;0.2;797;10000000;1;8;2.1e-08;1.341e-06;4.124e-05;3e-08;4.2603e-05;-2.9e-08
fikd;1;0.2;798;10000000;1;8;2.1e-08;1.085e-06;6.8805e-05;3.3e-08;6.9858e-05;-8.6e-08
fikd;1;0.2;799;10000000;1;8;2.2e-08;1.747e-06;0.000176363;3e-08;0.000178133;-2.9e-08
fikd;1;0.2;800;10000000;1;8;2.1e-08;1.738e-06;0.000122323;3.3e-08;0.000124084;-3.1e-08
fikd;1;0.2;801;10000000;1;8;2.2e-08;1.339e-06;3.4465e-05;3.3e-08;3.5834e-05;-2.5e-08
fikd;1;0.2;802;10000000;1;8;3.4e-08;1.983e-06;0.00019895;3e-08;0.000200969;-2.8e-08
fikd;1;0.2;803;10000000;1;8;2.1e-08;1.416e-06;5.3756e-05;3.1e-08;5.5196e-05;-2.8e-08
fikd;1;0.2;804;10000000;1;8;2.1e-08;1.898e-06;0.0001852;3.1e-08;0.000187122;-2.8e-08
fikd;1;0.2;805;10000000;1;8;2.1e-08;1.19e-06;3.5742e-05;2.1e-08;3.6946e-05;-2.8e-08
fikd;1;0.2;806;10000000;1;8;5.3e-08;1.785e-06;0.000177764;3.1e-08;0.000179606;-2.7e-08
fikd;1;0.2;807;10000000;1;8;2.1e-08;1.869e-06;0.00016997;3.1e-08;0.000171863;-2.8e-08
fikd;1;0.2;808;10000000;1;8;6.1e-08;1.909e-06;0.000161528;3.1e-08;0.000163501;-2.8e-08
fikd;1;0.2;809;10000000;1;8;2.2e-08;1.16e-06;7.0126e-05;3.2e-08;7.1313e-05;-2.7e-08
fikd;1;0.2;810;10000000;1;8;2.7e-08;1.405e-06;9.1729e-05;3e-08;9.3163e-05;-2.8e-08
fikd;1;0.2;811;10000000;1;8;2.7e-08;1.201e-06;6.7419e-05;3.1e-08;6.865e-05;-2.8e-08
fikd;1;0.2;812;10000000;1;8;2.1e-08;1.098e-06;7.8335e-05;3.1e-08;7.9457e-05;-2.8e-08
fikd;1;0.2;813;10000000;1;8;2.1e-08;1.332e-06;0.000124498;3.2e-08;0.000125855;-2.8e-08
fikd;1;0.2;814;10000000;1;8;2.1e-08;1.167e-06;5.8268e-05;3.4e-08;5.9434e-05;-5.6e-08
fikd;1;0.2;815;10000000;1;8;2.1e-08;1.346e-06;6.5345e-05;3.3e-08;6.6718e-05;-2.7e-08
fikd;1;0.2;816;10000000;1;8;2.1e-08;1.056e-06;7.5994e-05;2.1e-08;7.7065e-05;-2.7e-08
fikd;1;0.2;817;10000000;1;8;2.1e-08;1.141e-06;6.7816e-05;3.1e-08;6.8982e-05;-2.7e-08
fikd;1;0.2;818;10000000;1;8;2.2e-08;1.049e-06;3.2192e-05;2e-08;3.3255e-05;-2.8e-08
fikd;1;0.2;819;10000000;1;8;3.1e-08;1.216e-06;0.000100639;3.1e-08;0.000101889;-2.8e-08
fikd;1;0.2;820;10000000;1;8;3.9e-08;1.618e-06;9.1654e-05;3e-08;9.3312e-05;-2.9e-08
fikd;1;0.2;821;10000000;1;8;2.4e-08;1.1e-06;6.7757e-05;3e-08;6.8882e-05;-2.9e-08
fikd;1;0.2;822;10000000;1;8;3.3e-08;1.405e-06;9.8857e-05;3e-08;0.000100296;-2.9e-08
fikd;1;0.2;823;10000000;1;8;2e-08;1.326e-06;9.7937e-05;3e-08;9.9285e-05;-2.8e-08
fikd;1;0.2;824;10000000;1;8;2.2e-08;9.68e-07;3.7027e-05;2.2e-08;3.8012e-05;-2.7e-08
fikd;1;0.2;825;10000000;1;8;2.9e-08;1.902e-06;0.000145747;3e-08;0.000147679;-2.9e-08
fikd;1;0.2;826;10000000;1;8;2.1e-08;1.464e-06;0.000117559;2.3e-08;0.000119039;-2.8e-08
fikd;1;0.2;827;10000000;1;8;2.7e-08;1.106e-06;5.6248e-05;3e-08;5.7382e-05;-2.9e-08
fikd;1;0.2;828;10000000;1;8;2.1e-08;1.79e-06;0.000185636;3.2e-08;0.000187452;-2.7e-08
fikd;1;0.2;829;10000000;1;8;2.6e-08;1.476e-06;0.000118325;3.3e-08;0.000119835;-2.5e-08
fikd;1;0.2;830;10000000;1;8;3.3e-08;2.239e-06;0.000174634;3.5e-08;0.000176884;-5.7e-08
fikd;1;0.2;831;10000000;1;8;2.1e-08;1.482e-06;0.000113726;2.1e-08;0.000115223;-2.7e-08
fikd;1;0.2;832;10000000;1;8;2.9e-08;1.777e-06;8.351e-05;3.1e-08;8.532e-05;-2.7e-08
fikd;1;0.2;833;10000000;1;8;2.1e-08;1.212e-06;7.1118e-05;3.1e-08;7.2354e-05;-2.8e-08
fikd;1;0.2;834;10000000;1;8;2e-08;1.273e-06;9.9251e-05;3e-08;0.000100545;-2.9e-08
fikd;1;0.2;835;10000000;1;8;2.1e-08;1.179e-06;6.3415e-05;3e-08;6.4616e-05;-2.9e-08
fikd;1;0.2;836;10000000;1;8;2.1e-08;1.201e-06;5.4223e-05;3.2e-08;5.545e-05;-2.7e-08
fikd;1;0.2;837;10000000;1;8;2.2e-08;1.314e-06;9.7711e-05;3.1e-08;9.905e-05;-2.8e-08
fikd;1;0.2;838;10000000;1;8;2.9e-08;1.378e-06;6.5724e-05;3e-08;6.7132e-05;-2.9e-08
fikd;1;0.2;839;10000000;1;8;2.9e-08;1.196e-06;8.8684e-05;3.3e-08;8.9911e-05;-3.1e-08
fikd;1;0.2;840;10000000;1;8;2.3e-08;2.137e-06;0.000199363;2.8e-08;0.00020152;-3.1e-08
fikd;1;0.2;841;10000000;1;8;2.4e-08;2.05e-06;0.000155041;3.1e-08;0.000157118;-2.8e-08
fikd;1;0.2;842;10000000;1;8;2.9e-08;1.262e-06;4.5699e-05;3.2e-08;4.6995e-05;-2.7e-08
fikd;1;0.2;843;10000000;1;8;2.4e-08;1.35e-06;0.000101877;3.1e-08;0.000103255;-2.7e-08
fikd;1;0.2;844;10000000;1;8;2.1e-08;1.417e-06;7.7113e-05;3.1e-08;7.8555e-05;-2.7e-08
fikd;1;0.2;845;10000000;1;8;2.1e-08;1.065e-06;3.6325e-05;2e-08;3.7402e-05;-2.9e-08
fikd;1;0.2;846;10000000;1;8;2.2e-08;1.302e-06;5.234e-05;3.4e-08;5.3637e-05;-6.1e-08
fikd;1;0.2;847;10000000;1;8;2.2e-08;1.785e-06;0.000202924;3.1e-08;0.000204734;-2.8e-08
fikd;1;0.2;848;10000000;1;8;5.5e-08;1.861e-06;9.9644e-05;3e-08;0.000101561;-2.9e-08
fikd;1;0.2;849;10000000;1;8;2.1e-08;1.842e-06;0.000140431;3e-08;0.000142295;-2.9e-08
fikd;1;0.2;850;10000000;1;8;2.3e-08;1.741e-06;8.8518e-05;3e-08;9.0283e-05;-2.9e-08
fikd;1;0.2;851;10000000;1;8;2.5e-08;1.868e-06;0.00019288;3.1e-08;0.000194776;-2.8e-08
fikd;1;0.2;852;10000000;1;8;2.1e-08;1.124e-06;5.9618e-05;3.2e-08;6.0768e-05;-2.7e-08
fikd;1;0.2;853;10000000;1;8;2.1e-08;1.737e-06;0.000169529;3e-08;0.000171288;-2.9e-08
fikd;1;0.2;854;10000000;1;8;2.1e-08;1.463e-06;5.4326e-05;3.2e-08;5.5814e-05;-2.8e-08
fikd;1;0.2;855;10000000;1;8;2.2e-08;1.26e-06;9.7238e-05;3e-08;9.8523e-05;-2.7e-08
fikd;1;0.2;856;10000000;1;8;3e-08;1.096e-06;7.7401e-05;3e-08;7.8529e-05;-2.8e-08
fikd;1;0.2;857;10000000;1;8;2.7e-08;1.85e-06;0.000101697;3e-08;0.000103575;-2.9e-08
fikd;1;0.2;858;10000000;1;8;2.4e-08;1.627e-06;9.1281e-05;3e-08;9.2933e-05;-2.9e-08
fikd;1;0.2;859;10000000;1;8;2.1e-08;1.088e-06;2.8921e-05;3e-08;3.0032e-05;-2.8e-08
fikd;1;0.2;860;10000000;1;8;2.7e-08;1.571e-06;8.2714e-05;3e-08;8.4314e-05;-2.8e-08
fikd;1;0.2;861;10000000;1;8;2.6e-08;1.883e-06;0.000161055;3e-08;0.000162965;-2.9e-08
fikd;1;0.2;862;10000000;1;8;2.1e-08;9.45e-07;3.4143e-05;3.4e-08;3.5081e-05;-6.2e-08
fikd;1;0.2;863;10000000;1;8;2.1e-08;1.321e-06;0.000106317;3e-08;0.00010766;-2.9e-08
fikd;1;0.2;864;10000000;1;8;2.8e-08;1.416e-06;4.8821e-05;3e-08;5.0266e-05;-2.9e-08
fikd;1;0.2;865;10000000;1;8;2.1e-08;1.311e-06;5.458e-05;3.1e-08;5.5916e-05;-2.7e-08
fikd;1;0.2;866;10000000;1;8;3e-08;1.527e-06;8.2486e-05;3e-08;8.4044e-05;-2.9e-08
fikd;1;0.2;867;10000000;1;8;2.9e-08;1.206e-06;3.0057e-05;2.3e-08;3.1287e-05;-2.8e-08
fikd;1;0.2;868;10000000;1;8;4.9e-08;1.281e-06;0.000128217;3e-08;0.000129548;-2.9e-08
fikd;1;0.2;869;10000000;1;8;2.5e-08;1.884e-06;0.000201192;3.2e-08;0.000203106;-2.7e-08
fikd;1;0.2;870;10000000;1;8;2.1e-08;1.902e-06;0.000204839;3e-08;0.000206763;-2.9e-08
fikd;1;0.2;871;10000000;1;8;2e-08;1.921e-06;0.000199738;3.1e-08;0.000201682;-2.8e-08
fikd;1;0.2;872;10000000;1;8;2.1e-08;1.851e-06;0.000186955;3e-08;0.000188828;-2.9e-08
fikd;1;0.2;873;10000000;1;8;2e-08;1.805e-06;8.6422e-05;3e-08;8.8249e-05;-2.8e-08
fikd;1;0.2;874;10000000;1;8;2.1e-08;1.425e-06;5.1228e-05;3e-08;5.2675e-05;-2.9e-08
fikd;1;0.2;875;10000000;1;8;2.2e-08;1.542e-06;0.000102183;3.3e-08;0.000103751;-2.9e-08
fikd;1;0.2;876;10000000;1;8;2.4e-08;2.002e-06;7.6814e-05;3.3e-08;7.8848e-05;-2.5e-08
fikd;1;0.2;877;10000000;1;8;2.3e-08;1.441e-06;0.000103289;2.7e-08;0.000104749;-3.1e-08
fikd;1;0.2;878;10000000;1;8;3e-08;1.4e-06;0.000116764;3.5e-08;0.000118151;-7.8e-08
fikd;1;0.2;879;10000000;1;8;2.8e-08;1.216e-06;5.1624e-05;2.9e-08;5.2868e-05;-2.9e-08
fikd;1;0.2;880;10000000;1;8;2.4e-08;1.264e-06;4.2102e-05;2.4e-08;4.3389e-05;-2.5e-08
fikd;1;0.2;881;10000000;1;8;2.4e-08;1.51e-06;9.8435e-05;3.3e-08;9.9976e-05;-2.6e-08
fikd;1;0.2;882;10000000;1;8;2.3e-08;1.8e-06;9.7356e-05;2.4e-08;9.9178e-05;-2.5e-08
fikd;1;0.2;883;10000000;1;8;3.1e-08;1.26e-06;6.1448e-05;3.4e-08;6.2743e-05;-3e-08
fikd;1;0.2;884;10000000;1;8;2.4e-08;1.27e-06;5.6347e-05;3.3e-08;5.7648e-05;-2.6e-08
fikd;1;0.2;885;10000000;1;8;2.5e-08;1.123e-06;5.7566e-05;3.2e-08;5.8715e-05;-3.1e-08
fikd;1;0.2;886;10000000;1;8;2e-08;1.26e-06;5.4714e-05;3.2e-08;5.5996e-05;-3e-08
fikd;1;0.2;887;10000000;1;8;2.9e-08;1.089e-06;4.4565e-05;2.2e-08;4.5673e-05;-3.2e-08
fikd;1;0.2;888;10000000;1;8;2.5e-08;2.297e-06;0.000216543;3.4e-08;0.000218871;-2.8e-08
fikd;1;0.2;889;10000000;1;8;2.2e-08;1.582e-06;5.0316e-05;3e-08;5.1918e-05;-3.2e-08
fikd;1;0.2;890;10000000;1;8;3.8e-08;1.312e-06;3.7752e-05;2.8e-08;3.91e-05;-3e-08
fikd;1;0.2;891;10000000;1;8;2.2e-08;1.122e-06;7.5391e-05;2.9e-08;7.6534e-05;-3e-08
fikd;1;0.2;892;10000000;1;8;2.9e-08;1.278e-06;0.000125996;3.2e-08;0.000127305;-3e-08
fikd;1;0.2;893;10000000;1;8;1.9e-08;1.411e-06;9.4252e-05;2.8e-08;9.5679e-05;-3.1e-08
fikd;1;0.2;894;10000000;1;8;2e-08;9.97e-07;3.0946e-05;2.7e-08;3.1908e-05;-8.2e-08
fikd;1;0.2;895;10000000;1;8;2.8e-08;1.87e-06;0.000165813;3.2e-08;0.000167718;-2.5e-08
fikd;1;0.2;896;10000000;1;8;2e-08;1.39e-06;0.000106523;2.9e-08;0.000107933;-2.9e-08
fikd;1;0.2;897;10000000;1;8;2.3e-08;1.831e-06;0.000228461;3.4e-08;0.000230318;-3.1e-08
fikd;1;0.2;898;10000000;1;8;2.2e-08;1.324e-06;6.8539e-05;2.2e-08;6.9876e-05;-3.1e-08
fikd;1;0.2;899;10000000;1;8;3.1e-08;2.027e-06;0.000147341;3.3e-08;0.000149407;-2.5e-08
fikd;1;0.2;900;10000000;1;8;2.2e-08;1.296e-06;6.1003e-05;3.3e-08;6.2327e-05;-2.7e-08
fikd;1;0.2;901;10000000;1;8;3.8e-08;1.121e-06;6.3091e-05;3.1e-08;6.4251e-05;-3e-08
fikd;1;0.2;902;10000000;1;8;2.4e-08;1.162e-06;3.1275e-05;2.5e-08;3.2459e-05;-2.7e-08
fikd;1;0.2;903;10000000;1;8;2.3e-08;1.823e-06;9.9379e-05;3.3e-08;0.000101233;-2.5e-08
fikd;1;0.2;904;10000000;1;8;2.4e-08;1.629e-06;8.5046e-05;2.4e-08;8.6693e-05;-3e-08
fikd;1;0.2;905;10000000;1;8;2.4e-08;2.057e-06;0.000153784;3.2e-08;0.000155867;-3e-08
fikd;1;0.2;906;10000000;1;8;2.4e-08;1.42e-06;0.00012979;4.3e-08;0.000131246;-3.1e-08
fikd;1;0.2;907;10000000;1;8;2.6e-08;1.678e-06;0.000112742;3.3e-08;0.000114451;-2.8e-08
fikd;1;0.2;908;10000000;1;8;2.3e-08;1.836e-06;0.000110471;3.5e-08;0.000112335;-3e-08
fikd;1;0.2;909;10000000;1;8;2e-08;1.688e-06;0.000101265;3.4e-08;0.000102973;-3.4e-08
fikd;1;0.2;910;10000000;1;8;2.3e-08;1.431e-06;9.7767e-05;3.6e-08;9.9175e-05;-8.2e-08
fikd;1;0.2;911;10000000;1;8;2e-08;1.112e-06;6.2371e-05;3.2e-08;6.3509e-05;-2.6e-08
fikd;1;0.2;912;10000000;1;8;2.4e-08;1.206e-06;5.6472e-05;3.1e-08;5.7702e-05;-3.1e-08
fikd;1;0.2;913;10000000;1;8;2.4e-08;1.793e-06;0.000106452;2.9e-08;0.000108269;-2.9e-08
fikd;1;0.2;914;10000000;1;8;2.4e-08;1.45e-06;0.000112481;3.2e-08;0.000113951;-3.6e-08
fikd;1;0.2;915;10000000;1;8;2.4e-08;1.237e-06;6.7963e-05;3.3e-08;6.9228e-05;-2.9e-08
fikd;1;0.2;916;10000000;1;8;2.4e-08;5.779e-06;0.000225671;3e-08;0.000231472;-3.2e-08
fikd;1;0.2;917;10000000;1;8;5.8e-08;1.655e-06;0.000119263;3.3e-08;0.000120979;-3e-08
fikd;1;0.2;918;10000000;1;8;2.4e-08;2.084e-06;8.5966e-05;3.2e-08;8.8075e-05;-3.1e-08
fikd;1;0.2;919;10000000;1;8;2.8e-08;1.898e-06;0.000189561;3.3e-08;0.000191493;-2.7e-08
fikd;1;0.2;920;10000000;1;8;2.3e-08;1.488e-06;9.4096e-05;3.2e-08;9.5608e-05;-3.1e-08
fikd;1;0.2;921;10000000;1;8;2e-08;1.631e-06;0.000120861;3.4e-08;0.00012252;-2.6e-08
fikd;1;0.2;922;10000000;1;8;2e-08;2.03e-06;0.000149587;3.3e-08;0.000151639;-3.1e-08
fikd;1;0.2;923;10000000;1;8;3.2e-08;1.393e-06;5.5087e-05;3.2e-08;5.6513e-05;-3.1e-08
fikd;1;0.2;924;10000000;1;8;2.4e-08;1.442e-06;0.000102438;3.2e-08;0.000103906;-3e-08
fikd;1;0.2;925;10000000;1;8;2.5e-08;1.454e-06;0.000101752;3.1e-08;0.000103235;-2.7e-08
fikd;1;0.2;926;10000000;1;8;2e-08;1.213e-06;3.8925e-05;2.9e-08;4.0098e-05;-8.9e-08
fikd;1;0.2;927;10000000;1;8;5.3e-08;1.836e-06;0.000192635;3.2e-08;0.00019453;-2.6e-08
fikd;1;0.2;928;10000000;1;8;2.3e-08;1.347e-06;5.3136e-05;3.3e-08;5.451e-05;-2.9e-08
fikd;1;0.2;929;10000000;1;8;1.9e-08;1.239e-06;5.4356e-05;3.4e-08;5.5618e-05;-3e-08
fikd;1;0.2;930;10000000;1;8;2e-08;1.847e-06;0.000205428;3.3e-08;0.000207298;-3e-08
fikd;1;0.2;931;10000000;1;8;3e-08;1.882e-06;0.000173246;3.3e-08;0.000175161;-3e-08
fikd;1;0.2;932;10000000;1;8;3.7e-08;1.897e-06;0.000104907;3e-08;0.000106841;-3e-08
fikd;1;0.2;933;10000000;1;8;1.9e-08;1.99e-06;0.000182303;2.8e-08;0.000184309;-3.1e-08
fikd;1;0.2;934;10000000;1;8;2.4e-08;1.207e-06;5.9703e-05;3.2e-08;6.094e-05;-2.6e-08
fikd;1;0.2;935;10000000;1;8;1.9e-08;1.393e-06;6.7359e-05;3.2e-08;6.8772e-05;-3.1e-08
fikd;1;0.2;936;10000000;1;8;2.5e-08;1.346e-06;7.497e-05;3.3e-08;7.6344e-05;-3e-08
fikd;1;0.2;937;10000000;1;8;2e-08;1.908e-06;0.000213386;3.3e-08;0.000215317;-3e-08
fikd;1;0.2;938;10000000;1;8;1.8e-08;9.35e-07;3.8757e-05;3.2e-08;3.9712e-05;-3e-08
fikd;1;0.2;939;10000000;1;8;3.3e-08;1.277e-06;0.000111052;3.3e-08;0.000112369;-2.6e-08
fikd;1;0.2;940;10000000;1;8;1.9e-08;1.849e-06;0.00020125;2.9e-08;0.000203116;-3.1e-08
fikd;1;0.2;941;10000000;1;8;2.1e-08;2.007e-06;0.000165232;3.2e-08;0.000167265;-2.7e-08
fikd;1;0.2;942;10000000;1;8;2.8e-08;1.625e-06;9.4655e-05;3.4e-08;9.6265e-05;-7.7e-08
fikd;1;0.2;943;10000000;1;8;2.4e-08;1.204e-06;3.4866e-05;2.3e-08;3.6086e-05;-3.1e-08
fikd;1;0.2;944;10000000;1;8;2.4e-08;1.319e-06;0.000113774;3.3e-08;0.00011512;-3e-08
fikd;1;0.2;945;10000000;1;8;2.3e-08;1.608e-06;9.862e-05;2.9e-08;0.00010025;-3e-08
fikd;1;0.2;946;10000000;1;8;2.5e-08;1.932e-06;0.000210573;2.7e-08;0.000212526;-3.1e-08
fikd;1;0.2;947;10000000;1;8;2e-08;1.535e-06;9.6339e-05;2.4e-08;9.7888e-05;-3e-08
fikd;1;0.2;948;10000000;1;8;6.5e-08;1.674e-06;0.000116373;3.2e-08;0.000118113;-3.1e-08
fikd;1;0.2;949;10000000;1;8;6e-08;1.448e-06;5.8571e-05;3.1e-08;6.0078e-05;-3.2e-08
fikd;1;0.2;950;10000000;1;8;2.3e-08;1.507e-06;9.5047e-05;3e-08;9.6576e-05;-3.1e-08
fikd;1;0.2;951;10000000;1;8;2.3e-08;1.469e-06;6.3654e-05;3.3e-08;6.5148e-05;-3.1e-08
fikd;1;0.2;952;10000000;1;8;1.9e-08;1.561e-06;0.000104953;3.3e-08;0.000106541;-2.5e-08
fikd;1;0.2;953;10000000;1;8;2.1e-08;1.539e-06;8.7523e-05;3.2e-08;8.9085e-05;-3e-08
fikd;1;0.2;954;10000000;1;8;2.4e-08;1.163e-06;6.4417e-05;3.3e-08;6.5607e-05;-3e-08
fikd;1;0.2;955;10000000;1;8;2.2e-08;1.908e-06;0.000177404;3.2e-08;0.00017934;-2.6e-08
fikd;1;0.2;956;10000000;1;8;2.4e-08;1.377e-06;0.000105034;2.9e-08;0.000106435;-2.9e-08
fikd;1;0.2;957;10000000;1;8;2.4e-08;1.321e-06;0.000113086;3.2e-08;0.000114432;-3.1e-08
fikd;1;0.2;958;10000000;1;8;4e-08;1.72e-06;7.9224e-05;3.6e-08;8.0943e-05;-7.7e-08
fikd;1;0.2;959;10000000;1;8;4e-08;1.414e-06;9.4546e-05;2.9e-08;9.5999e-05;-3e-08
fikd;1;0.2;960;10000000;1;8;2.9e-08;1.471e-06;9.8357e-05;2.3e-08;9.9854e-05;-2.6e-08
fikd;1;0.2;961;10000000;1;8;2.6e-08;1.396e-06;0.00012183;3.3e-08;0.000123256;-2.9e-08
fikd;1;0.2;962;10000000;1;8;2e-08;1.254e-06;5.4827e-05;3.2e-08;5.6103e-05;-3e-08
fikd;1;0.2;963;10000000;1;8;1.9e-08;1.942e-06;0.000202576;1.9e-08;0.000204526;-3e-08
fikd;1;0.2;964;10000000;1;8;2.3e-08;1.466e-06;0.000107061;3.4e-08;0.000108555;-2.9e-08
fikd;1;0.2;965;10000000;1;8;1.9e-08;1.422e-06;4.8574e-05;2.9e-08;5.0014e-05;-3e-08
fikd;1;0.2;966;10000000;1;8;2.7e-08;1.127e-06;7.0785e-05;3.3e-08;7.1947e-05;-2.5e-08
fikd;1;0.2;967;10000000;1;8;2e-08;1.313e-06;9.0232e-05;3.4e-08;9.1574e-05;-2.5e-08
fikd;1;0.2;968;10000000;1;8;3e-08;1.262e-06;4.9438e-05;3.3e-08;5.0733e-05;-3e-08
fikd;1;0.2;969;10000000;1;8;3.9e-08;2.011e-06;0.000176891;3.2e-08;0.000178943;-3e-08
fikd;1;0.2;970;10000000;1;8;1.8e-08;1.02e-06;3.1373e-05;2e-08;3.2401e-05;-3e-08
fikd;1;0.2;971;10000000;1;8;1.9e-08;1.288e-06;9.9226e-05;2.7e-08;0.000100529;-3.1e-08
fikd;1;0.2;972;10000000;1;8;2e-08;9.79e-07;3.2403e-05;2.4e-08;3.3397e-05;-2.9e-08
fikd;1;0.2;973;10000000;1;8;1.9e-08;1.281e-06;0.000111929;3.3e-08;0.000113232;-3e-08
fikd;1;0.2;974;10000000;1;8;2e-08;1.136e-06;6.2157e-05;3.5e-08;6.3268e-05;-8e-08
fikd;1;0.2;975;10000000;1;8;2.4e-08;1.409e-06;5.4895e-05;3.3e-08;5.6336e-05;-2.5e-08
fikd;1;0.2;976;10000000;1;8;2e-08;1.829e-06;0.000196588;3.2e-08;0.000198438;-3.1e-08
fikd;1;0.2;977;10000000;1;8;2.3e-08;1.363e-06;0.00010056;2.8e-08;0.000101945;-2.9e-08
fikd;1;0.2;978;10000000;1;8;3.9e-08;1.289e-06;5.304e-05;3.3e-08;5.4371e-05;-3e-08
fikd;1;0.2;979;10000000;1;8;2.5e-08;1.462e-06;0.000106507;3.2e-08;0.000108;-2.6e-08
fikd;1;0.2;980;10000000;1;8;2.9e-08;1.919e-06;0.000180041;3.3e-08;0.000181996;-2.6e-08
fikd;1;0.2;981;10000000;1;8;2.4e-08;1.425e-06;8.0813e-05;3.3e-08;8.2265e-05;-3e-08
fikd;1;0.2;982;10000000;1;8;3.2e-08;1.298e-06;0.000109796;3.3e-08;0.000111129;-3e-08
fikd;1;0.2;983;10000000;1;8;2.4e-08;2.164e-06;0.00013012;2.9e-08;0.000132307;-3e-08
fikd;1;0.2;984;10000000;1;8;2.3e-08;1.867e-06;0.000102167;3.2e-08;0.000104058;-3.1e-08
fikd;1;0.2;985;10000000;1;8;2.5e-08;1.509e-06;4.972e-05;2.8e-08;5.1252e-05;-3e-08
fikd;1;0.2;986;10000000;1;8;2.3e-08;1.178e-06;6.2935e-05;3.3e-08;6.4138e-05;-3.1e-08
fikd;1;0.2;987;10000000;1;8;2.1e-08;1.193e-06;5.13e-05;3.2e-08;5.2515e-05;-3.1e-08
fikd;1;0.2;988;10000000;1;8;2.3e-08;2.029e-06;0.000193064;3.5e-08;0.000195123;-2.8e-08
fikd;1;0.2;989;10000000;1;8;2.5e-08;1.602e-06;6.0767e-05;3.5e-08;6.2401e-05;-2.8e-08
fikd;1;0.2;990;10000000;1;8;3.9e-08;1.44e-06;0.00014659;4.4e-08;0.000148032;-8.1e-08
fikd;1;0.2;991;10000000;1;8;3.1e-08;2.042e-06;0.000187258;2.9e-08;0.000189331;-2.9e-08
fikd;1;0.2;992;10000000;1;8;2.4e-08;1.178e-06;6.089e-05;2.5e-08;6.2091e-05;-2.6e-08
fikd;1;0.2;993;10000000;1;8;2e-08;1.93e-06;0.000177774;3.2e-08;0.000179725;-3.1e-08
fikd;1;0.2;994;10000000;1;8;1.8e-08;1.491e-06;4.9415e-05;3.2e-08;5.0925e-05;-3.1e-08
fikd;1;0.2;995;10000000;1;8;2e-08;1.433e-06;7.6381e-05;3.3e-08;7.7837e-05;-3e-08
fikd;1;0.2;996;10000000;1;8;2.1e-08;1.353e-06;0.000105426;3.3e-08;0.000106792;-4.1e-08
fikd;1;0.2;997;10000000;1;8;3.5e-08;1.406e-06;0.000133306;2.7e-08;0.000134743;-3.1e-08
fikd;1;0.2;998;10000000;1;8;2e-08;1.85e-06;0.000177388;3.3e-08;0.000179264;-2.7e-08
fikd;1;0.2;999;10000000;1;8;1.9e-08;1.346e-06;0.00011055;3.2e-08;0.000111917;-3e-08
