algorithm;repetition;query_selectivity;query_number;column_size;column_pattern;number_of_columns;index_creation;index_lookup;scan_time;join_time;total_time
stdavl;1;0.2;0;10000000;1;4;0.424625;1.948e-06;0.0134551;0.055742;0.493824
stdavl;1;0.2;1;10000000;1;4;0.0709451;2.036e-06;0.0142774;0.0421228;0.127347
stdavl;1;0.2;2;10000000;1;4;0.0446813;1.714e-06;0.0141122;0.0421474;0.100943
stdavl;1;0.2;3;10000000;1;4;0.0344252;1.755e-06;0.0148997;0.042112;0.0914387
stdavl;1;0.2;4;10000000;1;4;0.0455623;1.63e-06;0.0156986;0.0420985;0.103361
stdavl;1;0.2;5;10000000;1;4;0.0384162;1.721e-06;0.0169129;0.042108;0.0974387
stdavl;1;0.2;6;10000000;1;4;0.0335366;2.187e-06;0.017172;0.0421042;0.0928149
stdavl;1;0.2;7;10000000;1;4;0.0304952;1.8e-06;0.0182848;0.0420933;0.0908752
stdavl;1;0.2;8;10000000;1;4;0.0207229;1.744e-06;0.0162287;0.0421651;0.0791184
stdavl;1;0.2;9;10000000;1;4;0.0207134;1.463e-06;0.0175774;0.0421;0.0803923
stdavl;1;0.2;10;10000000;1;4;0.0185896;1.498e-06;0.0181253;0.0423329;0.0790493
stdavl;1;0.2;11;10000000;1;4;0.0230704;1.733e-06;0.0187219;0.0423961;0.0841901
stdavl;1;0.2;12;10000000;1;4;0.0242989;1.889e-06;0.0179249;0.0421904;0.0844161
stdavl;1;0.2;13;10000000;1;4;0.0241705;1.731e-06;0.0187241;0.0421261;0.0850224
stdavl;1;0.2;14;10000000;1;4;0.0162116;1.982e-06;0.0188134;0.0421092;0.0771362
stdavl;1;0.2;15;10000000;1;4;0.013462;2.142e-06;0.0190202;0.0449508;0.0774352
stdavl;1;0.2;16;10000000;1;4;0.0177331;1.99e-06;0.020447;0.0421076;0.0802897
stdavl;1;0.2;17;10000000;1;4;0.0298482;1.75e-06;0.01989;0.0421537;0.0918937
stdavl;1;0.2;18;10000000;1;4;0.0151406;1.749e-06;0.0199058;0.0422131;0.0772612
stdavl;1;0.2;19;10000000;1;4;0.0376196;2.158e-06;0.0200763;0.0450304;0.102728
stdavl;1;0.2;20;10000000;1;4;0.0122777;1.947e-06;0.0207598;0.0421339;0.0751733
stdavl;1;0.2;21;10000000;1;4;0.0117412;1.98e-06;0.0207833;0.0420915;0.074618
stdavl;1;0.2;22;10000000;1;4;0.012281;1.856e-06;0.0199105;0.0421879;0.0743812
stdavl;1;0.2;23;10000000;1;4;0.0159035;1.813e-06;0.020673;0.045283;0.0818613
stdavl;1;0.2;24;10000000;1;4;0.0219477;1.658e-06;0.0203678;0.0422569;0.0845741
stdavl;1;0.2;25;10000000;1;4;0.0148846;2.008e-06;0.0213279;0.0424484;0.0786629
stdavl;1;0.2;26;10000000;1;4;0.0310126;2.007e-06;0.0208418;0.0420968;0.0939533
stdavl;1;0.2;27;10000000;1;4;0.0168804;1.879e-06;0.0207951;0.0421248;0.0798023
stdavl;1;0.2;28;10000000;1;4;0.0129312;2.134e-06;0.0217291;0.0422392;0.0769016
stdavl;1;0.2;29;10000000;1;4;0.0123392;1.916e-06;0.0216096;0.0421344;0.0760851
stdavl;1;0.2;30;10000000;1;4;0.0128228;1.958e-06;0.020795;0.0420903;0.07571
stdavl;1;0.2;31;10000000;1;4;0.0163735;1.928e-06;0.0248553;0.0421129;0.0833437
stdavl;1;0.2;32;10000000;1;4;0.011966;1.763e-06;0.0208018;0.0420907;0.0748603
stdavl;1;0.2;33;10000000;1;4;0.0138987;1.917e-06;0.0220168;0.0420913;0.0780087
stdavl;1;0.2;34;10000000;1;4;0.0145618;1.986e-06;0.0228791;0.042096;0.079539
stdavl;1;0.2;35;10000000;1;4;0.0110813;2.068e-06;0.0223213;0.0450416;0.0784463
stdavl;1;0.2;36;10000000;1;4;0.0209012;2.35e-06;0.021973;0.04214;0.0850165
stdavl;1;0.2;37;10000000;1;4;0.0127328;2.029e-06;0.0235454;0.0420956;0.0783758
stdavl;1;0.2;38;10000000;1;4;0.0139655;1.842e-06;0.0227216;0.0421751;0.078864
stdavl;1;0.2;39;10000000;1;4;0.0119737;2.122e-06;0.0251299;0.0420814;0.0791871
stdavl;1;0.2;40;10000000;1;4;0.0124201;2.006e-06;0.0227535;0.0421327;0.0773084
stdavl;1;0.2;41;10000000;1;4;0.0146772;1.8e-06;0.0222829;0.0421045;0.0790664
stdavl;1;0.2;42;10000000;1;4;0.0113751;1.764e-06;0.0237342;0.0421091;0.0772201
stdavl;1;0.2;43;10000000;1;4;0.014727;2.152e-06;0.0265892;0.0421335;0.0834519
stdavl;1;0.2;44;10000000;1;4;0.0126375;1.974e-06;0.0242845;0.0421112;0.0790351
stdavl;1;0.2;45;10000000;1;4;0.011696;1.888e-06;0.0236794;0.0424161;0.0777933
stdavl;1;0.2;46;10000000;1;4;0.0124247;1.917e-06;0.0239402;0.0421138;0.0784806
stdavl;1;0.2;47;10000000;1;4;0.0124113;2.156e-06;0.0276176;0.0421026;0.0821337
stdavl;1;0.2;48;10000000;1;4;0.0116454;1.848e-06;0.0244168;0.0421268;0.0781909
stdavl;1;0.2;49;10000000;1;4;0.0118415;1.884e-06;0.0251375;0.0421568;0.0791377
stdavl;1;0.2;50;10000000;1;4;0.019116;1.782e-06;0.0228683;0.0420945;0.0840807
stdavl;1;0.2;51;10000000;1;4;0.0121049;2.132e-06;0.0278451;0.0421009;0.0820531
stdavl;1;0.2;52;10000000;1;4;0.0184065;2.201e-06;0.025179;0.0421251;0.0857128
stdavl;1;0.2;53;10000000;1;4;0.011156;1.797e-06;0.0238568;0.0421992;0.0772138
stdavl;1;0.2;54;10000000;1;4;0.0123377;2.099e-06;0.0257025;0.0421135;0.0801559
stdavl;1;0.2;55;10000000;1;4;0.0124397;2.101e-06;0.0286626;0.0420937;0.0831981
stdavl;1;0.2;56;10000000;1;4;0.011098;2.405e-06;0.0252825;0.0424847;0.0788676
stdavl;1;0.2;57;10000000;1;4;0.0116328;1.88e-06;0.0255313;0.0421087;0.0792747
stdavl;1;0.2;58;10000000;1;4;0.0108685;1.832e-06;0.0246199;0.042317;0.0778073
stdavl;1;0.2;59;10000000;1;4;0.0110096;1.976e-06;0.0282552;0.0420802;0.081347
stdavl;1;0.2;60;10000000;1;4;0.0117282;1.991e-06;0.0264075;0.0422177;0.0803554
stdavl;1;0.2;61;10000000;1;4;0.0119712;1.868e-06;0.0247691;0.0424547;0.0791969
stdavl;1;0.2;62;10000000;1;4;0.0106061;2.016e-06;0.0248766;0.042107;0.0775918
stdavl;1;0.2;63;10000000;1;4;0.0113205;1.897e-06;0.0287842;0.0421261;0.0822327
stdavl;1;0.2;64;10000000;1;4;0.0111512;1.986e-06;0.0263803;0.0420764;0.0796099
stdavl;1;0.2;65;10000000;1;4;0.0113567;2.054e-06;0.0258836;0.0421013;0.0793437
stdavl;1;0.2;66;10000000;1;4;0.0109493;2.251e-06;0.0254332;0.0421296;0.0785143
stdavl;1;0.2;67;10000000;1;4;0.0120168;2.26e-06;0.0299108;0.04215;0.0840798
stdavl;1;0.2;68;10000000;1;4;0.0117561;2.528e-06;0.0243715;0.0421937;0.0783238
stdavl;1;0.2;69;10000000;1;4;0.0116499;1.943e-06;0.0273774;0.0420945;0.0811237
stdavl;1;0.2;70;10000000;1;4;0.0112236;1.942e-06;0.0253224;0.0421308;0.0786788
stdavl;1;0.2;71;10000000;1;4;0.0113423;2.227e-06;0.0298608;0.0420903;0.0832956
stdavl;1;0.2;72;10000000;1;4;0.0117701;2.114e-06;0.0266833;0.0421449;0.0806003
stdavl;1;0.2;73;10000000;1;4;0.0108617;2.076e-06;0.0264164;0.0420962;0.0793763
stdavl;1;0.2;74;10000000;1;4;0.0108965;2.04e-06;0.0272995;0.0450291;0.083227
stdavl;1;0.2;75;10000000;1;4;0.011606;2.012e-06;0.0269371;0.0421089;0.080654
stdavl;1;0.2;76;10000000;1;4;0.0112991;2.081e-06;0.0272999;0.0420847;0.0806858
stdavl;1;0.2;77;10000000;1;4;0.011318;2.127e-06;0.0283963;0.0421145;0.0818309
stdavl;1;0.2;78;10000000;1;4;0.0115149;2.065e-06;0.0266345;0.0450143;0.0831657
stdavl;1;0.2;79;10000000;1;4;0.0106472;2.215e-06;0.0268894;0.042111;0.0796498
stdavl;1;0.2;80;10000000;1;4;0.0111711;2.011e-06;0.0277972;0.0422285;0.0811988
stdavl;1;0.2;81;10000000;1;4;0.0122724;2.278e-06;0.0255908;0.0421916;0.0800571
stdavl;1;0.2;82;10000000;1;4;0.010672;2.022e-06;0.0278799;0.0449936;0.0835475
stdavl;1;0.2;83;10000000;1;4;0.0124526;1.894e-06;0.0274022;0.042098;0.0819546
stdavl;1;0.2;84;10000000;1;4;0.011715;2.096e-06;0.0274053;0.0421281;0.0812506
stdavl;1;0.2;85;10000000;1;4;0.0110238;2.014e-06;0.0283996;0.0421144;0.0815398
stdavl;1;0.2;86;10000000;1;4;0.0118186;2.28e-06;0.0287165;0.045073;0.0856104
stdavl;1;0.2;87;10000000;1;4;0.0106265;1.942e-06;0.0282839;0.0422439;0.0811562
stdavl;1;0.2;88;10000000;1;4;0.0108078;2.076e-06;0.027799;0.0421288;0.0807377
stdavl;1;0.2;89;10000000;1;4;0.011421;1.857e-06;0.0280186;0.0421233;0.0815647
stdavl;1;0.2;90;10000000;1;4;0.0113737;1.751e-06;0.0316321;0.0420906;0.0850982
stdavl;1;0.2;91;10000000;1;4;0.0110126;1.967e-06;0.0276338;0.0421223;0.0807707
stdavl;1;0.2;92;10000000;1;4;0.0111934;2.213e-06;0.0286111;0.0420932;0.0818999
stdavl;1;0.2;93;10000000;1;4;0.0109178;2.167e-06;0.0280896;0.0421668;0.0811764
stdavl;1;0.2;94;10000000;1;4;0.0142802;2.251e-06;0.028064;0.0421965;0.0845429
stdavl;1;0.2;95;10000000;1;4;0.0112474;2.303e-06;0.0284016;0.0421256;0.081777
stdavl;1;0.2;96;10000000;1;4;0.010539;2.007e-06;0.0292641;0.0420973;0.0819024
stdavl;1;0.2;97;10000000;1;4;0.0107637;2.041e-06;0.0293095;0.0421051;0.0821804
stdavl;1;0.2;98;10000000;1;4;0.0217429;2.291e-06;0.0272625;0.0421687;0.0911764
stdavl;1;0.2;99;10000000;1;4;0.0112033;1.871e-06;0.0282746;0.042232;0.0817118
stdavl;1;0.2;100;10000000;1;4;0.011276;1.908e-06;0.0290847;0.0421609;0.0825234
stdavl;1;0.2;101;10000000;1;4;0.0105113;2.132e-06;0.0288999;0.0450451;0.0844583
stdavl;1;0.2;102;10000000;1;4;0.0108793;2.035e-06;0.0276967;0.042205;0.0807831
stdavl;1;0.2;103;10000000;1;4;0.010615;2.301e-06;0.0289349;0.0420964;0.0816487
stdavl;1;0.2;104;10000000;1;4;0.0118862;1.91e-06;0.0295044;0.0422728;0.0836652
stdavl;1;0.2;105;10000000;1;4;0.0110801;1.87e-06;0.0288945;0.0450828;0.0850592
stdavl;1;0.2;106;10000000;1;4;0.0116238;2.369e-06;0.0288273;0.0420877;0.0825412
stdavl;1;0.2;107;10000000;1;4;0.0110186;2.159e-06;0.0288452;0.0421028;0.0819687
stdavl;1;0.2;108;10000000;1;4;0.0109036;2.026e-06;0.0290196;0.0420878;0.082013
stdavl;1;0.2;109;10000000;1;4;0.0107783;2.211e-06;0.0295023;0.0449793;0.085262
stdavl;1;0.2;110;10000000;1;4;0.0110072;2.168e-06;0.0300046;0.0421644;0.0831784
stdavl;1;0.2;111;10000000;1;4;0.0110924;2.229e-06;0.0277593;0.0421894;0.0810434
stdavl;1;0.2;112;10000000;1;4;0.0107292;2.064e-06;0.028783;0.0421344;0.0816487
stdavl;1;0.2;113;10000000;1;4;0.0112051;1.942e-06;0.0318796;0.0421157;0.0852024
stdavl;1;0.2;114;10000000;1;4;0.0110144;2.107e-06;0.0301826;0.0421362;0.0833354
stdavl;1;0.2;115;10000000;1;4;0.0109681;2.31e-06;0.0299604;0.0421003;0.0830312
stdavl;1;0.2;116;10000000;1;4;0.0109004;2.197e-06;0.0294046;0.0421265;0.0824337
stdavl;1;0.2;117;10000000;1;4;0.0109748;2.303e-06;0.0310889;0.042165;0.084231
stdavl;1;0.2;118;10000000;1;4;0.0111509;2.237e-06;0.0299033;0.0421069;0.0831633
stdavl;1;0.2;119;10000000;1;4;0.0109335;2.277e-06;0.0282135;0.0421488;0.0812981
stdavl;1;0.2;120;10000000;1;4;0.0106339;2.004e-06;0.0309041;0.0450182;0.0865582
stdavl;1;0.2;121;10000000;1;4;0.0108972;2.186e-06;0.0288639;0.0421099;0.0818731
stdavl;1;0.2;122;10000000;1;4;0.0106771;2.312e-06;0.0286561;0.0421277;0.0814632
stdavl;1;0.2;123;10000000;1;4;0.0109506;2.409e-06;0.0304303;0.0421224;0.0835058
stdavl;1;0.2;124;10000000;1;4;0.0109963;1.897e-06;0.0311691;0.0451018;0.087269
stdavl;1;0.2;125;10000000;1;4;0.0107921;2.003e-06;0.0295279;0.0421233;0.0824453
stdavl;1;0.2;126;10000000;1;4;0.0109604;2.188e-06;0.0293522;0.0420929;0.0824077
stdavl;1;0.2;127;10000000;1;4;0.0171939;2.484e-06;0.0300805;0.0420991;0.089376
stdavl;1;0.2;128;10000000;1;4;0.0111117;2.14e-06;0.0333289;0.0420908;0.0865336
stdavl;1;0.2;129;10000000;1;4;0.0107492;2.137e-06;0.0296753;0.0421436;0.0825702
stdavl;1;0.2;130;10000000;1;4;0.0113968;2.128e-06;0.0307649;0.0421044;0.0842682
stdavl;1;0.2;131;10000000;1;4;0.0105663;2.266e-06;0.0297586;0.0421495;0.0824766
stdavl;1;0.2;132;10000000;1;4;0.0103445;1.97e-06;0.0331535;0.0420976;0.0855976
stdavl;1;0.2;133;10000000;1;4;0.0111147;1.832e-06;0.0298325;0.0420997;0.0830488
stdavl;1;0.2;134;10000000;1;4;0.0107359;2.346e-06;0.0307149;0.0421957;0.0836488
stdavl;1;0.2;135;10000000;1;4;0.0108367;2.287e-06;0.030397;0.0449618;0.0861977
stdavl;1;0.2;136;10000000;1;4;0.0104848;1.955e-06;0.0304431;0.0421344;0.0830643
stdavl;1;0.2;137;10000000;1;4;0.0188588;2.18e-06;0.0295572;0.0421022;0.0905205
stdavl;1;0.2;138;10000000;1;4;0.0109418;2.142e-06;0.0313334;0.0421048;0.0843822
stdavl;1;0.2;139;10000000;1;4;0.0103946;2.033e-06;0.0305382;0.0450496;0.0859844
stdavl;1;0.2;140;10000000;1;4;0.0112581;2.33e-06;0.0302636;0.0421766;0.0837006
stdavl;1;0.2;141;10000000;1;4;0.0105025;2.507e-06;0.0312932;0.0421348;0.0839331
stdavl;1;0.2;142;10000000;1;4;0.0104748;2.414e-06;0.0312642;0.0421589;0.0839003
stdavl;1;0.2;143;10000000;1;4;0.0108952;2.26e-06;0.0344439;0.0421065;0.0874479
stdavl;1;0.2;144;10000000;1;4;0.0104933;2.272e-06;0.031006;0.0421565;0.0836581
stdavl;1;0.2;145;10000000;1;4;0.0103395;2.048e-06;0.0299982;0.0424023;0.0827422
stdavl;1;0.2;146;10000000;1;4;0.0107375;2.061e-06;0.030449;0.0421722;0.0833609
stdavl;1;0.2;147;10000000;1;4;0.0114641;2.266e-06;0.033953;0.0424065;0.0878258
stdavl;1;0.2;148;10000000;1;4;0.0109561;2.322e-06;0.0317895;0.0421099;0.0848578
stdavl;1;0.2;149;10000000;1;4;0.0105397;2.302e-06;0.0318411;0.0421402;0.0845232
stdavl;1;0.2;150;10000000;1;4;0.0105729;2.573e-06;0.0303685;0.0450281;0.0859721
stdavl;1;0.2;151;10000000;1;4;0.0111455;2.103e-06;0.0305433;0.0422091;0.0839
stdavl;1;0.2;152;10000000;1;4;0.0106739;1.979e-06;0.0316284;0.0421443;0.0844486
stdavl;1;0.2;153;10000000;1;4;0.0111082;2.252e-06;0.0323664;0.0421051;0.085582
stdavl;1;0.2;154;10000000;1;4;0.010495;1.982e-06;0.0317007;0.0449973;0.0871951
stdavl;1;0.2;155;10000000;1;4;0.0110122;2.291e-06;0.0301354;0.0421339;0.0832838
stdavl;1;0.2;156;10000000;1;4;0.0107423;2.452e-06;0.0311388;0.042466;0.0843495
stdavl;1;0.2;157;10000000;1;4;0.0105101;2.256e-06;0.0315448;0.0424041;0.0844613
stdavl;1;0.2;158;10000000;1;4;0.013108;1.903e-06;0.0322251;0.0420948;0.0874298
stdavl;1;0.2;159;10000000;1;4;0.0111802;2.4e-06;0.0310522;0.0420959;0.0843307
stdavl;1;0.2;160;10000000;1;4;0.0105422;2.148e-06;0.031641;0.0420893;0.0842746
stdavl;1;0.2;161;10000000;1;4;0.0109438;2.067e-06;0.0308766;0.0449958;0.0868182
stdavl;1;0.2;162;10000000;1;4;0.0106076;2.075e-06;0.0309667;0.042116;0.0836923
stdavl;1;0.2;163;10000000;1;4;0.0178911;2.009e-06;0.0312431;0.0421659;0.0913021
stdavl;1;0.2;164;10000000;1;4;0.0105907;2.107e-06;0.0318415;0.0422209;0.0846552
stdavl;1;0.2;165;10000000;1;4;0.010981;2.009e-06;0.0320275;0.0450638;0.0880743
stdavl;1;0.2;166;10000000;1;4;0.0105655;2.397e-06;0.0319359;0.0420813;0.0845852
stdavl;1;0.2;167;10000000;1;4;0.0110574;1.757e-06;0.0326724;0.0421821;0.0859136
stdavl;1;0.2;168;10000000;1;4;0.0106904;2.099e-06;0.0315225;0.0421172;0.0843322
stdavl;1;0.2;169;10000000;1;4;0.0106775;2.349e-06;0.034258;0.0421622;0.0871002
stdavl;1;0.2;170;10000000;1;4;0.0106542;1.654e-06;0.0308457;0.0420887;0.0835902
stdavl;1;0.2;171;10000000;1;4;0.0108838;1.798e-06;0.0326552;0.042181;0.0857218
stdavl;1;0.2;172;10000000;1;4;0.0109714;2.095e-06;0.0321392;0.0421212;0.085234
stdavl;1;0.2;173;10000000;1;4;0.0136891;2.154e-06;0.0313253;0.0421228;0.0871393
stdavl;1;0.2;174;10000000;1;4;0.010889;2.229e-06;0.0316382;0.0420892;0.0846186
stdavl;1;0.2;175;10000000;1;4;0.0105353;1.699e-06;0.0319858;0.0424907;0.0850135
stdavl;1;0.2;176;10000000;1;4;0.0105448;2.038e-06;0.0312368;0.0450916;0.0868753
stdavl;1;0.2;177;10000000;1;4;0.0103421;2.197e-06;0.0321899;0.0421607;0.0846948
stdavl;1;0.2;178;10000000;1;4;0.0105394;1.893e-06;0.0323517;0.0421325;0.0850255
stdavl;1;0.2;179;10000000;1;4;0.0106379;2.005e-06;0.0315304;0.0421229;0.0842932
stdavl;1;0.2;180;10000000;1;4;0.010453;2.051e-06;0.0345504;0.042088;0.0870935
stdavl;1;0.2;181;10000000;1;4;0.0109471;1.938e-06;0.0319749;0.0421675;0.0850914
stdavl;1;0.2;182;10000000;1;4;0.0104626;1.936e-06;0.0323342;0.0420922;0.084891
stdavl;1;0.2;183;10000000;1;4;0.0103905;1.977e-06;0.031818;0.0420924;0.0843028
stdavl;1;0.2;184;10000000;1;4;0.0200552;2.111e-06;0.0317364;0.0420963;0.0938899
stdavl;1;0.2;185;10000000;1;4;0.0105718;1.832e-06;0.0328021;0.0421611;0.0855368
stdavl;1;0.2;186;10000000;1;4;0.0103976;2.183e-06;0.0323399;0.0421229;0.0848626
stdavl;1;0.2;187;10000000;1;4;0.0106483;2.264e-06;0.0325423;0.0451531;0.088346
stdavl;1;0.2;188;10000000;1;4;0.0104069;2.542e-06;0.0319652;0.0421197;0.0844944
stdavl;1;0.2;189;10000000;1;4;0.0114559;2.4e-06;0.0322498;0.0421426;0.0858507
stdavl;1;0.2;190;10000000;1;4;0.0106252;1.766e-06;0.032724;0.0421352;0.0854861
stdavl;1;0.2;191;10000000;1;4;0.0108478;2.141e-06;0.0361118;0.0421321;0.0890938
stdavl;1;0.2;192;10000000;1;4;0.0106324;1.908e-06;0.0326304;0.0421468;0.0854116
stdavl;1;0.2;193;10000000;1;4;0.0106122;2.225e-06;0.0334774;0.0421274;0.0862193
stdavl;1;0.2;194;10000000;1;4;0.0111294;1.878e-06;0.0327081;0.0421039;0.0859432
stdavl;1;0.2;195;10000000;1;4;0.0104563;2.176e-06;0.0347359;0.0420907;0.087285
stdavl;1;0.2;196;10000000;1;4;0.0105569;1.899e-06;0.0329946;0.0420954;0.0856488
stdavl;1;0.2;197;10000000;1;4;0.0111778;2.063e-06;0.0330885;0.0421314;0.0863997
stdavl;1;0.2;198;10000000;1;4;0.0106194;2.278e-06;0.032314;0.0451189;0.0880546
stdavl;1;0.2;199;10000000;1;4;0.0108524;2.089e-06;0.0313449;0.0421753;0.0843748
stdavl;1;0.2;200;10000000;1;4;0.0107494;2.292e-06;0.0318201;0.0421081;0.0846799
stdavl;1;0.2;201;10000000;1;4;0.0105543;2.67e-06;0.0328002;0.0421134;0.0854705
stdavl;1;0.2;202;10000000;1;4;0.0104791;2.49e-06;0.0354201;0.0421523;0.088054
stdavl;1;0.2;203;10000000;1;4;0.0105481;2.206e-06;0.0315936;0.0420976;0.0842415
stdavl;1;0.2;204;10000000;1;4;0.0106402;2.382e-06;0.0331857;0.0422114;0.0860398
stdavl;1;0.2;205;10000000;1;4;0.0106974;2.187e-06;0.0323882;0.0421497;0.0852375
stdavl;1;0.2;206;10000000;1;4;0.0106557;2.198e-06;0.035896;0.0421772;0.0887312
stdavl;1;0.2;207;10000000;1;4;0.0104061;1.872e-06;0.0329264;0.0421375;0.0854717
stdavl;1;0.2;208;10000000;1;4;0.0105138;1.998e-06;0.0333011;0.042145;0.0859619
stdavl;1;0.2;209;10000000;1;4;0.0107504;2.301e-06;0.0321892;0.0450748;0.0880168
stdavl;1;0.2;210;10000000;1;4;0.0103487;2.319e-06;0.0328118;0.042213;0.0853758
stdavl;1;0.2;211;10000000;1;4;0.0104988;2.03e-06;0.0323945;0.0421363;0.0850316
stdavl;1;0.2;212;10000000;1;4;0.0104907;2.191e-06;0.0317057;0.0421235;0.084322
stdavl;1;0.2;213;10000000;1;4;0.0102481;2.128e-06;0.0355161;0.0421248;0.0878912
stdavl;1;0.2;214;10000000;1;4;0.0107866;2.094e-06;0.0329506;0.042155;0.0858943
stdavl;1;0.2;215;10000000;1;4;0.0107614;2.283e-06;0.0325317;0.042095;0.0853903
stdavl;1;0.2;216;10000000;1;4;0.0102821;1.971e-06;0.0321903;0.0421279;0.0846023
stdavl;1;0.2;217;10000000;1;4;0.0106288;2.75e-06;0.0348458;0.0420912;0.0875686
stdavl;1;0.2;218;10000000;1;4;0.0108443;2.105e-06;0.0339324;0.0421048;0.0868836
stdavl;1;0.2;219;10000000;1;4;0.0105587;2.089e-06;0.0331555;0.0421768;0.085893
stdavl;1;0.2;220;10000000;1;4;0.0172777;2.268e-06;0.0323863;0.04501;0.0946763
stdavl;1;0.2;221;10000000;1;4;0.0104332;2.011e-06;0.0325305;0.0422267;0.0851925
stdavl;1;0.2;222;10000000;1;4;0.0103821;2.062e-06;0.0331654;0.042107;0.0856565
stdavl;1;0.2;223;10000000;1;4;0.0103506;1.947e-06;0.0333907;0.0420899;0.0858331
stdavl;1;0.2;224;10000000;1;4;0.0130732;2.127e-06;0.0333357;0.0421256;0.0885366
stdavl;1;0.2;225;10000000;1;4;0.0106831;1.962e-06;0.0334065;0.0421043;0.0861959
stdavl;1;0.2;226;10000000;1;4;0.0102918;2.001e-06;0.0328793;0.0421589;0.085332
stdavl;1;0.2;227;10000000;1;4;0.0103755;1.806e-06;0.0334893;0.0421723;0.086039
stdavl;1;0.2;228;10000000;1;4;0.0104696;1.717e-06;0.0362732;0.0421021;0.0888466
stdavl;1;0.2;229;10000000;1;4;0.0102725;2.167e-06;0.0331765;0.0421413;0.0855925
stdavl;1;0.2;230;10000000;1;4;0.0106974;2.265e-06;0.033112;0.0421091;0.0859208
stdavl;1;0.2;231;10000000;1;4;0.010216;2.133e-06;0.0335674;0.045051;0.0888366
stdavl;1;0.2;232;10000000;1;4;0.0104105;1.953e-06;0.0317168;0.0421019;0.0842312
stdavl;1;0.2;233;10000000;1;4;0.0106711;1.952e-06;0.0323214;0.0421542;0.0851486
stdavl;1;0.2;234;10000000;1;4;0.0105087;2.003e-06;0.0322033;0.042137;0.0848509
stdavl;1;0.2;235;10000000;1;4;0.0132952;2.074e-06;0.0337614;0.0421002;0.089159
stdavl;1;0.2;236;10000000;1;4;0.0103194;2.116e-06;0.0333307;0.0420832;0.0857355
stdavl;1;0.2;237;10000000;1;4;0.0104342;1.974e-06;0.0328625;0.0421089;0.0854075
stdavl;1;0.2;238;10000000;1;4;0.0106341;1.901e-06;0.0335802;0.0421903;0.0864065
stdavl;1;0.2;239;10000000;1;4;0.0104705;2.179e-06;0.0365214;0.0421096;0.0891037
stdavl;1;0.2;240;10000000;1;4;0.0107806;2.187e-06;0.0331899;0.0421055;0.0860783
stdavl;1;0.2;241;10000000;1;4;0.0108153;2.305e-06;0.0342481;0.0428927;0.0879583
stdavl;1;0.2;242;10000000;1;4;0.0102678;1.859e-06;0.0329756;0.0450245;0.0882698
stdavl;1;0.2;243;10000000;1;4;0.0106827;2.191e-06;0.0333916;0.0421604;0.0862368
stdavl;1;0.2;244;10000000;1;4;0.0101562;1.882e-06;0.0336244;0.0421899;0.0859725
stdavl;1;0.2;245;10000000;1;4;0.0105176;1.963e-06;0.0334653;0.0422111;0.086196
stdavl;1;0.2;246;10000000;1;4;0.0104176;2.266e-06;0.0357062;0.0420916;0.0882177
stdavl;1;0.2;247;10000000;1;4;0.0101999;2.242e-06;0.0341615;0.042399;0.0867627
stdavl;1;0.2;248;10000000;1;4;0.0103609;2.22e-06;0.0333907;0.0421055;0.0858593
stdavl;1;0.2;249;10000000;1;4;0.010409;2.151e-06;0.0332578;0.0450282;0.0886972
stdavl;1;0.2;250;10000000;1;4;0.0105045;2.098e-06;0.0333399;0.0422111;0.0860576
stdavl;1;0.2;251;10000000;1;4;0.0104731;2.228e-06;0.0334686;0.0421045;0.0860484
stdavl;1;0.2;252;10000000;1;4;0.0102924;2.247e-06;0.0335343;0.0424022;0.0862312
stdavl;1;0.2;253;10000000;1;4;0.0107887;2.146e-06;0.0319538;0.0450092;0.0877539
stdavl;1;0.2;254;10000000;1;4;0.0103172;2.006e-06;0.0335441;0.0420887;0.085952
stdavl;1;0.2;255;10000000;1;4;0.0107875;2.056e-06;0.0334602;0.0421206;0.0863703
stdavl;1;0.2;256;10000000;1;4;0.010443;1.947e-06;0.0333007;0.0421054;0.0858511
stdavl;1;0.2;257;10000000;1;4;0.0133827;2.113e-06;0.0329583;0.0422042;0.0885474
stdavl;1;0.2;258;10000000;1;4;0.0107764;2.247e-06;0.0327796;0.0421108;0.0856691
stdavl;1;0.2;259;10000000;1;4;0.0106214;2.21e-06;0.0326732;0.0420991;0.0853959
stdavl;1;0.2;260;10000000;1;4;0.0104905;2.546e-06;0.0334583;0.0450137;0.088965
stdavl;1;0.2;261;10000000;1;4;0.0103649;2.168e-06;0.0332531;0.0421045;0.0857246
stdavl;1;0.2;262;10000000;1;4;0.0106425;2.391e-06;0.0341691;0.0421359;0.0869498
stdavl;1;0.2;263;10000000;1;4;0.0104017;2.357e-06;0.033337;0.0423874;0.0861285
stdavl;1;0.2;264;10000000;1;4;0.0105747;3.036e-06;0.0329795;0.0450065;0.0885638
stdavl;1;0.2;265;10000000;1;4;0.0104452;1.886e-06;0.0337427;0.0420948;0.0862846
stdavl;1;0.2;266;10000000;1;4;0.0103373;2.05e-06;0.0342025;0.0423602;0.0869021
stdavl;1;0.2;267;10000000;1;4;0.0102519;1.914e-06;0.0337873;0.0421822;0.0862234
stdavl;1;0.2;268;10000000;1;4;0.0107959;2.304e-06;0.0366042;0.0421034;0.0895058
stdavl;1;0.2;269;10000000;1;4;0.0105005;2.341e-06;0.0335301;0.0421536;0.0861865
stdavl;1;0.2;270;10000000;1;4;0.0106486;2.076e-06;0.0330847;0.0421365;0.0858718
stdavl;1;0.2;271;10000000;1;4;0.0104359;2.131e-06;0.0334905;0.0450083;0.088937
stdavl;1;0.2;272;10000000;1;4;0.0104787;2.44e-06;0.0336835;0.0421045;0.086269
stdavl;1;0.2;273;10000000;1;4;0.0105072;2.407e-06;0.0332678;0.04213;0.0859075
stdavl;1;0.2;274;10000000;1;4;0.010591;2.187e-06;0.0337279;0.0421954;0.0865166
stdavl;1;0.2;275;10000000;1;4;0.0105226;2.307e-06;0.0358778;0.0421376;0.0885404
stdavl;1;0.2;276;10000000;1;4;0.0105347;2.03e-06;0.0336161;0.0421162;0.0862691
stdavl;1;0.2;277;10000000;1;4;0.0102979;2.366e-06;0.0345773;0.042129;0.0870066
stdavl;1;0.2;278;10000000;1;4;0.0103757;2.101e-06;0.032555;0.0421041;0.0850368
stdavl;1;0.2;279;10000000;1;4;0.0132144;2.343e-06;0.0333235;0.0421095;0.0886497
stdavl;1;0.2;280;10000000;1;4;0.0104799;2.239e-06;0.0333918;0.0422429;0.0861169
stdavl;1;0.2;281;10000000;1;4;0.0105086;2.055e-06;0.0341359;0.0421613;0.0868078
stdavl;1;0.2;282;10000000;1;4;0.01061;2.306e-06;0.0334098;0.0450178;0.0890398
stdavl;1;0.2;283;10000000;1;4;0.010353;2.023e-06;0.0338082;0.0421129;0.0862761
stdavl;1;0.2;284;10000000;1;4;0.0103173;2.254e-06;0.0337515;0.0421053;0.0861764
stdavl;1;0.2;285;10000000;1;4;0.0105547;2.098e-06;0.032542;0.0421989;0.0852976
stdavl;1;0.2;286;10000000;1;4;0.010293;2.564e-06;0.0368589;0.0421242;0.0892786
stdavl;1;0.2;287;10000000;1;4;0.0107348;2.304e-06;0.0334498;0.0421058;0.0862926
stdavl;1;0.2;288;10000000;1;4;0.0102281;2.276e-06;0.0335823;0.0421038;0.0859165
stdavl;1;0.2;289;10000000;1;4;0.0105334;6.243e-06;0.0340088;0.0423396;0.0868881
stdavl;1;0.2;290;10000000;1;4;0.0107415;1.976e-06;0.0358089;0.0420976;0.08865
stdavl;1;0.2;291;10000000;1;4;0.0104714;2.032e-06;0.0335278;0.0421694;0.0861706
stdavl;1;0.2;292;10000000;1;4;0.0105538;2.085e-06;0.034585;0.0421021;0.0872429
stdavl;1;0.2;293;10000000;1;4;0.0107673;1.932e-06;0.0343282;0.0450872;0.0901846
stdavl;1;0.2;294;10000000;1;4;0.0104973;1.895e-06;0.0337884;0.0420911;0.0863788
stdavl;1;0.2;295;10000000;1;4;0.0107031;2.024e-06;0.0346166;0.042093;0.0874147
stdavl;1;0.2;296;10000000;1;4;0.0104484;2.197e-06;0.034241;0.0424397;0.0871313
stdavl;1;0.2;297;10000000;1;4;0.0132511;1.914e-06;0.0343967;0.0421724;0.0898221
stdavl;1;0.2;298;10000000;1;4;0.010331;1.883e-06;0.0338442;0.0421686;0.0863457
stdavl;1;0.2;299;10000000;1;4;0.0101978;2.289e-06;0.0338623;0.0421016;0.086164
stdavl;1;0.2;300;10000000;1;4;0.0104255;1.882e-06;0.0348155;0.0450681;0.0903109
stdavl;1;0.2;301;10000000;1;4;0.0102699;2.083e-06;0.0337895;0.0421159;0.0861774
stdavl;1;0.2;302;10000000;1;4;0.0106071;2.079e-06;0.0338416;0.0422348;0.0866856
stdavl;1;0.2;303;10000000;1;4;0.0105658;2.085e-06;0.0341306;0.0424073;0.0871058
stdavl;1;0.2;304;10000000;1;4;0.0104165;2.216e-06;0.0341185;0.0448785;0.0894157
stdavl;1;0.2;305;10000000;1;4;0.0103061;1.919e-06;0.0340239;0.0421223;0.0864543
stdavl;1;0.2;306;10000000;1;4;0.0103098;1.872e-06;0.0340563;0.0421319;0.0864999
stdavl;1;0.2;307;10000000;1;4;0.0104088;2.656e-06;0.0337025;0.0420993;0.0862132
stdavl;1;0.2;308;10000000;1;4;0.0130321;2.292e-06;0.0343432;0.0421453;0.0895229
stdavl;1;0.2;309;10000000;1;4;0.0106124;2.726e-06;0.0340693;0.0421066;0.086791
stdavl;1;0.2;310;10000000;1;4;0.0104186;2.141e-06;0.0344632;0.0420905;0.0869744
stdavl;1;0.2;311;10000000;1;4;0.0103479;2.212e-06;0.0336058;0.0450056;0.0889616
stdavl;1;0.2;312;10000000;1;4;0.010479;1.963e-06;0.0335281;0.0421304;0.0861394
stdavl;1;0.2;313;10000000;1;4;0.0102719;2.033e-06;0.0346714;0.0421691;0.0871144
stdavl;1;0.2;314;10000000;1;4;0.0104838;2.095e-06;0.0346967;0.0421259;0.0873084
stdavl;1;0.2;315;10000000;1;4;0.0106336;1.948e-06;0.0376371;0.0421154;0.0903881
stdavl;1;0.2;316;10000000;1;4;0.0103128;2.07e-06;0.0347407;0.0421197;0.0871752
stdavl;1;0.2;317;10000000;1;4;0.0102565;2.186e-06;0.0337297;0.0421109;0.0860993
stdavl;1;0.2;318;10000000;1;4;0.0105191;2.142e-06;0.0344513;0.0449637;0.0899363
stdavl;1;0.2;319;10000000;1;4;0.0103969;2.123e-06;0.034327;0.0422256;0.0869516
stdavl;1;0.2;320;10000000;1;4;0.0105556;2.467e-06;0.0346066;0.042086;0.0872506
stdavl;1;0.2;321;10000000;1;4;0.010426;2.084e-06;0.0349751;0.0421651;0.0875683
stdavl;1;0.2;322;10000000;1;4;0.0104498;2.396e-06;0.0344731;0.0450083;0.0899335
stdavl;1;0.2;323;10000000;1;4;0.0102432;1.913e-06;0.0337478;0.0420932;0.0860861
stdavl;1;0.2;324;10000000;1;4;0.0103616;2.188e-06;0.0334404;0.0421372;0.0859414
stdavl;1;0.2;325;10000000;1;4;0.010391;2.122e-06;0.0341408;0.0421184;0.0866523
stdavl;1;0.2;326;10000000;1;4;0.0103766;2.178e-06;0.0366553;0.0421412;0.0891753
stdavl;1;0.2;327;10000000;1;4;0.0104229;1.99e-06;0.0339899;0.0421536;0.0865684
stdavl;1;0.2;328;10000000;1;4;0.0105539;1.94e-06;0.0343133;0.0421283;0.0869975
stdavl;1;0.2;329;10000000;1;4;0.0103343;1.861e-06;0.0332942;0.0450117;0.0886421
stdavl;1;0.2;330;10000000;1;4;0.010455;1.95e-06;0.0341883;0.0420989;0.0867442
stdavl;1;0.2;331;10000000;1;4;0.0103668;2.491e-06;0.0350807;0.0421786;0.0876285
stdavl;1;0.2;332;10000000;1;4;0.0106808;2.221e-06;0.0344948;0.0421046;0.0872825
stdavl;1;0.2;333;10000000;1;4;0.010393;2.125e-06;0.038208;0.0420911;0.0906942
stdavl;1;0.2;334;10000000;1;4;0.0106587;2.115e-06;0.0337518;0.0421447;0.0865574
stdavl;1;0.2;335;10000000;1;4;0.0102907;2.324e-06;0.0346391;0.0421282;0.0870604
stdavl;1;0.2;336;10000000;1;4;0.0104507;2.208e-06;0.0341619;0.0421341;0.0867489
stdavl;1;0.2;337;10000000;1;4;0.0103009;2.074e-06;0.0371482;0.0421352;0.0895864
stdavl;1;0.2;338;10000000;1;4;0.0104696;2.478e-06;0.0342934;0.0421615;0.086927
stdavl;1;0.2;339;10000000;1;4;0.0116001;2.881e-06;0.0356488;0.042102;0.0893538
stdavl;1;0.2;340;10000000;1;4;0.0102488;2.163e-06;0.0340584;0.045044;0.0893534
stdavl;1;0.2;341;10000000;1;4;0.0103588;2.354e-06;0.0343457;0.0421213;0.0868282
stdavl;1;0.2;342;10000000;1;4;0.0104915;2.197e-06;0.034475;0.0421309;0.0870996
stdavl;1;0.2;343;10000000;1;4;0.0106944;1.823e-06;0.0343699;0.0422782;0.0873444
stdavl;1;0.2;344;10000000;1;4;0.0104086;2.461e-06;0.0378838;0.043387;0.0916819
stdavl;1;0.2;345;10000000;1;4;0.0108216;2.394e-06;0.0348681;0.0433666;0.0890588
stdavl;1;0.2;346;10000000;1;4;0.0104008;2.338e-06;0.034547;0.0433381;0.0882882
stdavl;1;0.2;347;10000000;1;4;0.0103717;2.023e-06;0.0349227;0.0450402;0.0903367
stdavl;1;0.2;348;10000000;1;4;0.0104436;2.009e-06;0.0342982;0.0421714;0.0869152
stdavl;1;0.2;349;10000000;1;4;0.010419;1.947e-06;0.0342864;0.04208;0.0867873
stdavl;1;0.2;350;10000000;1;4;0.0102064;2.191e-06;0.0333908;0.0421972;0.0857966
stdavl;1;0.2;351;10000000;1;4;0.0133505;2.309e-06;0.034657;0.0421004;0.0901102
stdavl;1;0.2;352;10000000;1;4;0.0104086;2.287e-06;0.0334761;0.0420869;0.0859739
stdavl;1;0.2;353;10000000;1;4;0.0105262;2.211e-06;0.0352815;0.0421626;0.0879725
stdavl;1;0.2;354;10000000;1;4;0.0101858;2.108e-06;0.0346758;0.0449056;0.0897692
stdavl;1;0.2;355;10000000;1;4;0.0104635;2.079e-06;0.0337626;0.0421224;0.0863506
stdavl;1;0.2;356;10000000;1;4;0.0104006;2.086e-06;0.0338528;0.0420747;0.0863302
stdavl;1;0.2;357;10000000;1;4;0.0103252;2.025e-06;0.0344501;0.0421376;0.0869149
stdavl;1;0.2;358;10000000;1;4;0.0104172;2.126e-06;0.0351424;0.0450116;0.0905733
stdavl;1;0.2;359;10000000;1;4;0.0103523;2.589e-06;0.0347403;0.042189;0.0872842
stdavl;1;0.2;360;10000000;1;4;0.010434;2.667e-06;0.0349729;0.0421578;0.0875673
stdavl;1;0.2;361;10000000;1;4;0.0103259;1.929e-06;0.0344269;0.0422078;0.0869625
stdavl;1;0.2;362;10000000;1;4;0.0102141;2.457e-06;0.0376352;0.0421239;0.0899757
stdavl;1;0.2;363;10000000;1;4;0.0102021;2.2e-06;0.034224;0.0421353;0.0865636
stdavl;1;0.2;364;10000000;1;4;0.0102491;2.197e-06;0.0350026;0.0421401;0.087394
stdavl;1;0.2;365;10000000;1;4;0.0103062;2.374e-06;0.0349841;0.0449931;0.0902857
stdavl;1;0.2;366;10000000;1;4;0.0103317;2.22e-06;0.0335116;0.0420996;0.085945
stdavl;1;0.2;367;10000000;1;4;0.0103697;2.77e-06;0.0339927;0.0420798;0.086445
stdavl;1;0.2;368;10000000;1;4;0.0105232;1.785e-06;0.034317;0.0421215;0.0869634
stdavl;1;0.2;369;10000000;1;4;0.010331;2.318e-06;0.0366237;0.042151;0.089108
stdavl;1;0.2;370;10000000;1;4;0.010294;1.892e-06;0.0347166;0.0421016;0.0871141
stdavl;1;0.2;371;10000000;1;4;0.0102388;2.082e-06;0.0347391;0.0421048;0.0870848
stdavl;1;0.2;372;10000000;1;4;0.0105645;1.834e-06;0.0342546;0.0420943;0.0869153
stdavl;1;0.2;373;10000000;1;4;0.0103992;2.035e-06;0.0375976;0.0420843;0.0900832
stdavl;1;0.2;374;10000000;1;4;0.0103374;2.554e-06;0.033846;0.0420867;0.0862727
stdavl;1;0.2;375;10000000;1;4;0.0102889;1.989e-06;0.035393;0.0420668;0.0877507
stdavl;1;0.2;376;10000000;1;4;0.0104987;1.867e-06;0.0353094;0.0450667;0.0908767
stdavl;1;0.2;377;10000000;1;4;0.0103185;2.206e-06;0.0344305;0.0420763;0.0868276
stdavl;1;0.2;378;10000000;1;4;0.0105162;2.234e-06;0.0355231;0.0421037;0.0881452
stdavl;1;0.2;379;10000000;1;4;0.0105311;2.127e-06;0.0340991;0.0421046;0.0867369
stdavl;1;0.2;380;10000000;1;4;0.0104804;2.168e-06;0.0372285;0.0424079;0.0901189
stdavl;1;0.2;381;10000000;1;4;0.0103183;2.142e-06;0.0346121;0.0420778;0.0870103
stdavl;1;0.2;382;10000000;1;4;0.0104095;2.09e-06;0.0353658;0.0421007;0.0878781
stdavl;1;0.2;383;10000000;1;4;0.0104449;2.434e-06;0.0346127;0.0451694;0.0902294
stdavl;1;0.2;384;10000000;1;4;0.0101836;1.85e-06;0.0345906;0.0421767;0.0869528
stdavl;1;0.2;385;10000000;1;4;0.0101383;2.733e-06;0.0349589;0.0420822;0.0871821
stdavl;1;0.2;386;10000000;1;4;0.010307;2.163e-06;0.0348422;0.042328;0.0874794
stdavl;1;0.2;387;10000000;1;4;0.0131368;2.301e-06;0.0344161;0.0422718;0.0898271
stdavl;1;0.2;388;10000000;1;4;0.010359;2.247e-06;0.0348336;0.0423795;0.0875744
stdavl;1;0.2;389;10000000;1;4;0.0102369;2.133e-06;0.0349626;0.0421104;0.087312
stdavl;1;0.2;390;10000000;1;4;0.0103409;2.188e-06;0.034159;0.0421285;0.0866306
stdavl;1;0.2;391;10000000;1;4;0.0129317;2.036e-06;0.0346567;0.0423475;0.0899379
stdavl;1;0.2;392;10000000;1;4;0.0101901;2.288e-06;0.0350063;0.0420972;0.0872958
stdavl;1;0.2;393;10000000;1;4;0.0102163;2.002e-06;0.033959;0.0421952;0.0863726
stdavl;1;0.2;394;10000000;1;4;0.0103905;2.273e-06;0.0354497;0.0450624;0.0909049
stdavl;1;0.2;395;10000000;1;4;0.0103261;2.135e-06;0.0342371;0.0421358;0.0867012
stdavl;1;0.2;396;10000000;1;4;0.010296;1.899e-06;0.0340031;0.0420774;0.0863783
stdavl;1;0.2;397;10000000;1;4;0.010364;2.035e-06;0.0350279;0.0421397;0.0875336
stdavl;1;0.2;398;10000000;1;4;0.0103279;2.074e-06;0.0373918;0.04209;0.0898117
stdavl;1;0.2;399;10000000;1;4;0.0105115;2.009e-06;0.0355446;0.0421375;0.0881956
stdavl;1;0.2;400;10000000;1;4;0.0103601;2.012e-06;0.0349283;0.0421184;0.0874088
stdavl;1;0.2;401;10000000;1;4;0.0102819;2.303e-06;0.0356596;0.0449953;0.0909391
stdavl;1;0.2;402;10000000;1;4;0.0101066;2.156e-06;0.0346816;0.0422217;0.087012
stdavl;1;0.2;403;10000000;1;4;0.0106809;1.997e-06;0.0349746;0.0421063;0.0877638
stdavl;1;0.2;404;10000000;1;4;0.0102856;2.041e-06;0.0347349;0.0421962;0.0872187
stdavl;1;0.2;405;10000000;1;4;0.0104005;2.287e-06;0.0372989;0.0421296;0.0898313
stdavl;1;0.2;406;10000000;1;4;0.0168048;1.931e-06;0.0341624;0.0420776;0.0930468
stdavl;1;0.2;407;10000000;1;4;0.0107195;2.086e-06;0.0347045;0.0421461;0.0875722
stdavl;1;0.2;408;10000000;1;4;0.0101962;2.197e-06;0.0352235;0.0450029;0.0904248
stdavl;1;0.2;409;10000000;1;4;0.010292;1.804e-06;0.0350334;0.0421117;0.0874388
stdavl;1;0.2;410;10000000;1;4;0.0103433;2.144e-06;0.0353622;0.0421416;0.0878493
stdavl;1;0.2;411;10000000;1;4;0.0103989;2.25e-06;0.0344011;0.042089;0.0868913
stdavl;1;0.2;412;10000000;1;4;0.010708;2.28e-06;0.037591;0.0421193;0.0904206
stdavl;1;0.2;413;10000000;1;4;0.0103482;1.993e-06;0.0346561;0.0421181;0.0871243
stdavl;1;0.2;414;10000000;1;4;0.0102854;1.97e-06;0.0347171;0.0420828;0.0870873
stdavl;1;0.2;415;10000000;1;4;0.0101573;2.109e-06;0.0354786;0.0420884;0.0877264
stdavl;1;0.2;416;10000000;1;4;0.0101745;2.217e-06;0.037958;0.0420997;0.0902343
stdavl;1;0.2;417;10000000;1;4;0.0103527;1.954e-06;0.0341977;0.0420796;0.086632
stdavl;1;0.2;418;10000000;1;4;0.0102403;2.101e-06;0.0351624;0.042107;0.0875119
stdavl;1;0.2;419;10000000;1;4;0.0102637;2.866e-06;0.0350564;0.0450763;0.0903992
stdavl;1;0.2;420;10000000;1;4;0.0101761;2.583e-06;0.0350528;0.0420683;0.0872998
stdavl;1;0.2;421;10000000;1;4;0.0103678;2.328e-06;0.0348849;0.0421204;0.0873754
stdavl;1;0.2;422;10000000;1;4;0.0103308;2.209e-06;0.0347442;0.0421141;0.0871913
stdavl;1;0.2;423;10000000;1;4;0.0131979;2.197e-06;0.0346621;0.0421241;0.0899862
stdavl;1;0.2;424;10000000;1;4;0.0102574;2.318e-06;0.0347748;0.0421236;0.0871582
stdavl;1;0.2;425;10000000;1;4;0.0101887;2.105e-06;0.0349826;0.0420977;0.0872712
stdavl;1;0.2;426;10000000;1;4;0.0103471;2.312e-06;0.0350451;0.0450347;0.0904292
stdavl;1;0.2;427;10000000;1;4;0.0102276;2.355e-06;0.0345651;0.042148;0.086943
stdavl;1;0.2;428;10000000;1;4;0.0104419;1.932e-06;0.0351657;0.0421507;0.0877602
stdavl;1;0.2;429;10000000;1;4;0.010287;2.046e-06;0.0347654;0.0420967;0.0871512
stdavl;1;0.2;430;10000000;1;4;0.0104036;2.564e-06;0.0375322;0.042114;0.0900523
stdavl;1;0.2;431;10000000;1;4;0.0105723;1.889e-06;0.0348644;0.042375;0.0878136
stdavl;1;0.2;432;10000000;1;4;0.0102552;1.853e-06;0.0345736;0.0423458;0.0871765
stdavl;1;0.2;433;10000000;1;4;0.0107757;2.313e-06;0.0347595;0.0420754;0.0876129
stdavl;1;0.2;434;10000000;1;4;0.0103734;2.196e-06;0.0379437;0.042448;0.0907673
stdavl;1;0.2;435;10000000;1;4;0.010441;2.087e-06;0.0348516;0.0421625;0.0874572
stdavl;1;0.2;436;10000000;1;4;0.010372;2.34e-06;0.0348201;0.0420837;0.0872781
stdavl;1;0.2;437;10000000;1;4;0.0103645;1.934e-06;0.0348451;0.0449922;0.0902038
stdavl;1;0.2;438;10000000;1;4;0.0101834;2.004e-06;0.0352716;0.0421424;0.0875994
stdavl;1;0.2;439;10000000;1;4;0.0105194;2.089e-06;0.0348864;0.0421453;0.0875532
stdavl;1;0.2;440;10000000;1;4;0.0104208;2.147e-06;0.0359471;0.0421009;0.0884709
stdavl;1;0.2;441;10000000;1;4;0.0104804;2.479e-06;0.0385834;0.0421549;0.0912212
stdavl;1;0.2;442;10000000;1;4;0.0105322;2.32e-06;0.0347274;0.0421172;0.0873791
stdavl;1;0.2;443;10000000;1;4;0.0102942;2.368e-06;0.0344236;0.0420965;0.0868166
stdavl;1;0.2;444;10000000;1;4;0.0103636;2.037e-06;0.0349897;0.0450889;0.0904442
stdavl;1;0.2;445;10000000;1;4;0.0102911;2.232e-06;0.0354072;0.0420735;0.087774
stdavl;1;0.2;446;10000000;1;4;0.0103362;2.165e-06;0.0339401;0.0421229;0.0864014
stdavl;1;0.2;447;10000000;1;4;0.0101856;2.287e-06;0.0353027;0.0420973;0.087588
stdavl;1;0.2;448;10000000;1;4;0.0102376;2.484e-06;0.0372592;0.0421004;0.0895997
stdavl;1;0.2;449;10000000;1;4;0.0104058;1.991e-06;0.0351618;0.0421444;0.087714
stdavl;1;0.2;450;10000000;1;4;0.0102963;2.078e-06;0.0353488;0.042103;0.0877502
stdavl;1;0.2;451;10000000;1;4;0.0104827;2.301e-06;0.0357922;0.0449572;0.0912344
stdavl;1;0.2;452;10000000;1;4;0.0101734;2.223e-06;0.0358289;0.0422034;0.0882079
stdavl;1;0.2;453;10000000;1;4;0.0102879;2.323e-06;0.034631;0.042087;0.0870082
stdavl;1;0.2;454;10000000;1;4;0.0104362;2.614e-06;0.0353348;0.0421589;0.0879325
stdavl;1;0.2;455;10000000;1;4;0.010581;2.006e-06;0.0347096;0.0449175;0.0902101
stdavl;1;0.2;456;10000000;1;4;0.0102376;2.611e-06;0.0350454;0.0421928;0.0874784
stdavl;1;0.2;457;10000000;1;4;0.0104456;1.946e-06;0.0356809;0.0421003;0.0882288
stdavl;1;0.2;458;10000000;1;4;0.0102797;2.116e-06;0.0349368;0.0423511;0.0875698
stdavl;1;0.2;459;10000000;1;4;0.0104082;2.338e-06;0.0382595;0.0420757;0.0907457
stdavl;1;0.2;460;10000000;1;4;0.0102179;1.899e-06;0.0347851;0.0420879;0.0870928
stdavl;1;0.2;461;10000000;1;4;0.0104421;2.105e-06;0.0349925;0.0422172;0.0876539
stdavl;1;0.2;462;10000000;1;4;0.0104494;2.125e-06;0.0349792;0.045013;0.0904437
stdavl;1;0.2;463;10000000;1;4;0.0102385;1.751e-06;0.0356191;0.0421425;0.0880019
stdavl;1;0.2;464;10000000;1;4;0.0102975;1.938e-06;0.0355673;0.0423552;0.0882219
stdavl;1;0.2;465;10000000;1;4;0.0104415;1.992e-06;0.0355043;0.0420623;0.0880101
stdavl;1;0.2;466;10000000;1;4;0.0105141;2.032e-06;0.0382962;0.0422551;0.0910675
stdavl;1;0.2;467;10000000;1;4;0.0104225;2.193e-06;0.0345826;0.0421139;0.0871212
stdavl;1;0.2;468;10000000;1;4;0.0101962;2.735e-06;0.0354052;0.0421424;0.0877466
stdavl;1;0.2;469;10000000;1;4;0.0103807;2.252e-06;0.0355505;0.0450046;0.0909381
stdavl;1;0.2;470;10000000;1;4;0.0103422;2.18e-06;0.0352081;0.0421265;0.087679
stdavl;1;0.2;471;10000000;1;4;0.0103402;2.198e-06;0.0351337;0.0421529;0.0876291
stdavl;1;0.2;472;10000000;1;4;0.0102747;2.054e-06;0.0357295;0.0421835;0.0881898
stdavl;1;0.2;473;10000000;1;4;0.0101384;2.301e-06;0.0385222;0.042173;0.0908359
stdavl;1;0.2;474;10000000;1;4;0.0102519;2.277e-06;0.0352448;0.0421192;0.0876183
stdavl;1;0.2;475;10000000;1;4;0.0103657;2.587e-06;0.0347525;0.0421556;0.0872764
stdavl;1;0.2;476;10000000;1;4;0.0102612;2.269e-06;0.0349238;0.0449616;0.0901489
stdavl;1;0.2;477;10000000;1;4;0.0104828;2.039e-06;0.0354572;0.0421648;0.0881068
stdavl;1;0.2;478;10000000;1;4;0.0105703;2.396e-06;0.0360091;0.0421587;0.0887405
stdavl;1;0.2;479;10000000;1;4;0.0101866;2.336e-06;0.0351635;0.0420869;0.0874394
stdavl;1;0.2;480;10000000;1;4;0.0101821;2.457e-06;0.0351842;0.0449659;0.0903347
stdavl;1;0.2;481;10000000;1;4;0.0102202;2.019e-06;0.0351953;0.0420885;0.087506
stdavl;1;0.2;482;10000000;1;4;0.010221;2.082e-06;0.0355939;0.0421236;0.0879406
stdavl;1;0.2;483;10000000;1;4;0.0101434;2.138e-06;0.0353483;0.0420714;0.0875653
stdavl;1;0.2;484;10000000;1;4;0.010338;2.195e-06;0.0390489;0.0421993;0.0915884
stdavl;1;0.2;485;10000000;1;4;0.0101932;2.125e-06;0.034561;0.0421221;0.0868784
stdavl;1;0.2;486;10000000;1;4;0.0102521;2.153e-06;0.0345358;0.0421288;0.086919
stdavl;1;0.2;487;10000000;1;4;0.0102262;2.031e-06;0.0358068;0.0450002;0.0910352
stdavl;1;0.2;488;10000000;1;4;0.0102013;2.203e-06;0.0340465;0.0420878;0.0863378
stdavl;1;0.2;489;10000000;1;4;0.0104196;2.046e-06;0.0356438;0.0421455;0.0882109
stdavl;1;0.2;490;10000000;1;4;0.0102289;2.299e-06;0.0356303;0.0421068;0.0879683
stdavl;1;0.2;491;10000000;1;4;0.013044;2.276e-06;0.035333;0.0421441;0.0905233
stdavl;1;0.2;492;10000000;1;4;0.010401;2.25e-06;0.0347796;0.0421028;0.0872857
stdavl;1;0.2;493;10000000;1;4;0.0102212;2.087e-06;0.0350956;0.0420992;0.087418
stdavl;1;0.2;494;10000000;1;4;0.0103364;2.198e-06;0.0355827;0.044984;0.0909053
stdavl;1;0.2;495;10000000;1;4;0.0103145;2.193e-06;0.0350912;0.0421361;0.0875439
stdavl;1;0.2;496;10000000;1;4;0.0103721;2.354e-06;0.0352614;0.0421577;0.0877936
stdavl;1;0.2;497;10000000;1;4;0.0103743;1.953e-06;0.0350583;0.0420791;0.0875137
stdavl;1;0.2;498;10000000;1;4;0.0103572;2.081e-06;0.0389066;0.0423475;0.0916133
stdavl;1;0.2;499;10000000;1;4;0.0102791;1.793e-06;0.034698;0.0420775;0.0870563
stdavl;1;0.2;500;10000000;1;4;0.0102871;2.065e-06;0.035532;0.042118;0.0879392
stdavl;1;0.2;501;10000000;1;4;0.0102601;2.087e-06;0.035266;0.0449713;0.0904995
stdavl;1;0.2;502;10000000;1;4;0.0102496;3.182e-06;0.0354939;0.0421217;0.0878684
stdavl;1;0.2;503;10000000;1;4;0.0103809;2.263e-06;0.0353459;0.0421246;0.0878536
stdavl;1;0.2;504;10000000;1;4;0.0102692;2.614e-06;0.0353007;0.0421213;0.0876939
stdavl;1;0.2;505;10000000;1;4;0.0102737;2.061e-06;0.0353987;0.0449768;0.0906513
stdavl;1;0.2;506;10000000;1;4;0.0101014;2.152e-06;0.0354829;0.042132;0.0877184
stdavl;1;0.2;507;10000000;1;4;0.0101645;2.026e-06;0.0350806;0.04212;0.0873671
stdavl;1;0.2;508;10000000;1;4;0.0102801;2.4e-06;0.0353978;0.0421313;0.0878116
stdavl;1;0.2;509;10000000;1;4;0.0129967;2.262e-06;0.0355624;0.042099;0.0906604
stdavl;1;0.2;510;10000000;1;4;0.0103797;2.346e-06;0.0357652;0.0421108;0.088258
stdavl;1;0.2;511;10000000;1;4;0.0103654;2.049e-06;0.0352711;0.0420907;0.0877293
stdavl;1;0.2;512;10000000;1;4;0.0101404;1.999e-06;0.0346241;0.0450607;0.0898272
stdavl;1;0.2;513;10000000;1;4;0.0101127;2.267e-06;0.0354996;0.0420839;0.0876984
stdavl;1;0.2;514;10000000;1;4;0.0102644;2.077e-06;0.0348982;0.0421484;0.0873131
stdavl;1;0.2;515;10000000;1;4;0.0102518;1.931e-06;0.0352922;0.0421391;0.087685
stdavl;1;0.2;516;10000000;1;4;0.0102628;2.23e-06;0.038555;0.0420779;0.090898
stdavl;1;0.2;517;10000000;1;4;0.0101919;1.824e-06;0.0356777;0.0422312;0.0881026
stdavl;1;0.2;518;10000000;1;4;0.010356;1.859e-06;0.0353333;0.0421146;0.0878057
stdavl;1;0.2;519;10000000;1;4;0.0102482;1.872e-06;0.0357974;0.0450027;0.0910502
stdavl;1;0.2;520;10000000;1;4;0.0103456;1.934e-06;0.035365;0.0421648;0.0878774
stdavl;1;0.2;521;10000000;1;4;0.0102835;2.001e-06;0.0349294;0.0420992;0.0873142
stdavl;1;0.2;522;10000000;1;4;0.0105061;2.119e-06;0.0361524;0.0421345;0.0887951
stdavl;1;0.2;523;10000000;1;4;0.0103362;2.104e-06;0.0384928;0.0421306;0.0909617
stdavl;1;0.2;524;10000000;1;4;0.0102839;2.024e-06;0.0356403;0.0421108;0.0880371
stdavl;1;0.2;525;10000000;1;4;0.0103214;1.836e-06;0.0353443;0.0421654;0.0878329
stdavl;1;0.2;526;10000000;1;4;0.0103165;2.219e-06;0.0353294;0.0420789;0.087727
stdavl;1;0.2;527;10000000;1;4;0.0130415;2.394e-06;0.0343816;0.0421027;0.0895282
stdavl;1;0.2;528;10000000;1;4;0.0103467;2.1e-06;0.0350958;0.0421237;0.0875683
stdavl;1;0.2;529;10000000;1;4;0.0104012;2.271e-06;0.035165;0.0422682;0.0878367
stdavl;1;0.2;530;10000000;1;4;0.0104836;2.248e-06;0.0356983;0.044978;0.0911622
stdavl;1;0.2;531;10000000;1;4;0.010204;2.183e-06;0.0356361;0.0420963;0.0879386
stdavl;1;0.2;532;10000000;1;4;0.010336;2.281e-06;0.035249;0.0420903;0.0876776
stdavl;1;0.2;533;10000000;1;4;0.0102583;2.205e-06;0.0357804;0.0421022;0.088143
stdavl;1;0.2;534;10000000;1;4;0.0130674;2.186e-06;0.0353406;0.0421212;0.0905313
stdavl;1;0.2;535;10000000;1;4;0.0102805;2.09e-06;0.0359221;0.0421031;0.0883077
stdavl;1;0.2;536;10000000;1;4;0.0102067;2.037e-06;0.0350487;0.0421355;0.087393
stdavl;1;0.2;537;10000000;1;4;0.01037;2.121e-06;0.0352859;0.0450083;0.0906663
stdavl;1;0.2;538;10000000;1;4;0.0101738;2.127e-06;0.0352192;0.0421131;0.0875082
stdavl;1;0.2;539;10000000;1;4;0.0102261;2.281e-06;0.035705;0.0420803;0.0880137
stdavl;1;0.2;540;10000000;1;4;0.0103383;2.168e-06;0.0348496;0.0422114;0.0874015
stdavl;1;0.2;541;10000000;1;4;0.0101943;2.025e-06;0.0385766;0.0421431;0.090916
stdavl;1;0.2;542;10000000;1;4;0.0102416;2.162e-06;0.0347868;0.0420812;0.0871117
stdavl;1;0.2;543;10000000;1;4;0.0102045;2.347e-06;0.0356889;0.0421414;0.0880372
stdavl;1;0.2;544;10000000;1;4;0.0105789;2.263e-06;0.0353837;0.044993;0.090958
stdavl;1;0.2;545;10000000;1;4;0.0102139;2.161e-06;0.0359064;0.0420884;0.0882109
stdavl;1;0.2;546;10000000;1;4;0.0102441;2.188e-06;0.0359328;0.0420821;0.0882612
stdavl;1;0.2;547;10000000;1;4;0.0102483;1.985e-06;0.0358658;0.042425;0.0885411
stdavl;1;0.2;548;10000000;1;4;0.0132378;2.133e-06;0.0358489;0.0420879;0.0911767
stdavl;1;0.2;549;10000000;1;4;0.0103279;2.104e-06;0.0352075;0.0420911;0.0876287
stdavl;1;0.2;550;10000000;1;4;0.0102317;2.127e-06;0.0359188;0.0421143;0.0882669
stdavl;1;0.2;551;10000000;1;4;0.0102755;2.218e-06;0.0354035;0.0449415;0.0906228
stdavl;1;0.2;552;10000000;1;4;0.0100941;2.091e-06;0.0353441;0.0422233;0.0876636
stdavl;1;0.2;553;10000000;1;4;0.0102899;2.156e-06;0.0353369;0.0421007;0.0877297
stdavl;1;0.2;554;10000000;1;4;0.0101663;2.143e-06;0.0356901;0.0421205;0.0879791
stdavl;1;0.2;555;10000000;1;4;0.0103444;2.022e-06;0.0350368;0.0449675;0.0903507
stdavl;1;0.2;556;10000000;1;4;0.0103563;1.958e-06;0.0359302;0.0420779;0.0883664
stdavl;1;0.2;557;10000000;1;4;0.0102117;2.141e-06;0.0351517;0.0421866;0.0875521
stdavl;1;0.2;558;10000000;1;4;0.010298;2.216e-06;0.0358975;0.0421031;0.0883009
stdavl;1;0.2;559;10000000;1;4;0.0102944;2.26e-06;0.0387863;0.0421089;0.0911918
stdavl;1;0.2;560;10000000;1;4;0.0102746;2.284e-06;0.0352068;0.0420803;0.087564
stdavl;1;0.2;561;10000000;1;4;0.010239;2.179e-06;0.036098;0.042136;0.0884752
stdavl;1;0.2;562;10000000;1;4;0.0102201;2.29e-06;0.0355163;0.0450347;0.0907733
stdavl;1;0.2;563;10000000;1;4;0.0103439;2.063e-06;0.0359412;0.0420964;0.0883836
stdavl;1;0.2;564;10000000;1;4;0.0102769;2.361e-06;0.0356803;0.0421255;0.088085
stdavl;1;0.2;565;10000000;1;4;0.0102915;1.849e-06;0.0354099;0.0421464;0.0878497
stdavl;1;0.2;566;10000000;1;4;0.0102325;2.528e-06;0.0386114;0.042081;0.0909274
stdavl;1;0.2;567;10000000;1;4;0.0103371;2.337e-06;0.0350265;0.0420995;0.0874654
stdavl;1;0.2;568;10000000;1;4;0.0103867;2.369e-06;0.035599;0.04217;0.088158
stdavl;1;0.2;569;10000000;1;4;0.0102778;2.539e-06;0.0358628;0.0451059;0.091249
stdavl;1;0.2;570;10000000;1;4;0.010147;2.214e-06;0.0351822;0.0420978;0.0874292
stdavl;1;0.2;571;10000000;1;4;0.0101976;2.161e-06;0.0355563;0.0421146;0.0878706
stdavl;1;0.2;572;10000000;1;4;0.0101722;2.199e-06;0.0360687;0.0421215;0.0883646
stdavl;1;0.2;573;10000000;1;4;0.0103924;2.025e-06;0.0384061;0.0420898;0.0908903
stdavl;1;0.2;574;10000000;1;4;0.0102798;2.597e-06;0.035865;0.0422165;0.0883639
stdavl;1;0.2;575;10000000;1;4;0.0102667;2.236e-06;0.0353634;0.0421238;0.0877561
stdavl;1;0.2;576;10000000;1;4;0.0103104;2.469e-06;0.0350646;0.0449998;0.0903773
stdavl;1;0.2;577;10000000;1;4;0.0102948;2.105e-06;0.0354464;0.0420945;0.0878378
stdavl;1;0.2;578;10000000;1;4;0.0102822;2.229e-06;0.0352805;0.0421573;0.0877223
stdavl;1;0.2;579;10000000;1;4;0.0102192;2.1e-06;0.035555;0.0434801;0.0892564
stdavl;1;0.2;580;10000000;1;4;0.0105538;2.192e-06;0.0392556;0.0421576;0.0919691
stdavl;1;0.2;581;10000000;1;4;0.0101978;2.118e-06;0.0360485;0.042123;0.0883714
stdavl;1;0.2;582;10000000;1;4;0.0102697;2.666e-06;0.0362607;0.0420925;0.0886255
stdavl;1;0.2;583;10000000;1;4;0.01035;2.064e-06;0.0361606;0.0421198;0.0886324
stdavl;1;0.2;584;10000000;1;4;0.0130368;2.465e-06;0.0358784;0.0420968;0.0910145
stdavl;1;0.2;585;10000000;1;4;0.01021;2.036e-06;0.0360797;0.0421199;0.0884116
stdavl;1;0.2;586;10000000;1;4;0.0102077;1.874e-06;0.0354722;0.0421222;0.0878039
stdavl;1;0.2;587;10000000;1;4;0.0103654;1.994e-06;0.0357745;0.0449989;0.0911408
stdavl;1;0.2;588;10000000;1;4;0.010115;2.074e-06;0.0352503;0.0421008;0.0874681
stdavl;1;0.2;589;10000000;1;4;0.0102255;2.455e-06;0.0355361;0.0420904;0.0878545
stdavl;1;0.2;590;10000000;1;4;0.010171;1.897e-06;0.0355722;0.0421231;0.0878682
stdavl;1;0.2;591;10000000;1;4;0.0130702;2.439e-06;0.0359086;0.0420911;0.0910723
stdavl;1;0.2;592;10000000;1;4;0.0102529;2.222e-06;0.0356945;0.0421513;0.0881009
stdavl;1;0.2;593;10000000;1;4;0.0103886;2.159e-06;0.0354427;0.0421443;0.0879777
stdavl;1;0.2;594;10000000;1;4;0.0102634;2.126e-06;0.0356427;0.0449963;0.0909045
stdavl;1;0.2;595;10000000;1;4;0.0101609;2.217e-06;0.0354007;0.0420734;0.0876373
stdavl;1;0.2;596;10000000;1;4;0.0102914;2.075e-06;0.0358182;0.0421331;0.0882448
stdavl;1;0.2;597;10000000;1;4;0.0102529;2.211e-06;0.035524;0.0422092;0.0879882
stdavl;1;0.2;598;10000000;1;4;0.0130726;2.045e-06;0.0357158;0.0421497;0.0909402
stdavl;1;0.2;599;10000000;1;4;0.0102976;2.092e-06;0.0355794;0.0421601;0.0880391
stdavl;1;0.2;600;10000000;1;4;0.0101027;2.123e-06;0.0361315;0.0420896;0.0883259
stdavl;1;0.2;601;10000000;1;4;0.0103141;2.1e-06;0.0359766;0.0449956;0.0912885
stdavl;1;0.2;602;10000000;1;4;0.0102708;2.354e-06;0.036108;0.0424246;0.0888058
stdavl;1;0.2;603;10000000;1;4;0.0101645;2.127e-06;0.035498;0.0420784;0.087743
stdavl;1;0.2;604;10000000;1;4;0.0103413;2.111e-06;0.0363848;0.0421484;0.0888766
stdavl;1;0.2;605;10000000;1;4;0.0102613;2.238e-06;0.0386323;0.0420986;0.0909944
stdavl;1;0.2;606;10000000;1;4;0.0101538;1.863e-06;0.0355322;0.0421307;0.0878185
stdavl;1;0.2;607;10000000;1;4;0.0102465;2.07e-06;0.0354888;0.0421912;0.0879286
stdavl;1;0.2;608;10000000;1;4;0.0102685;2.065e-06;0.0359101;0.0449645;0.0911451
stdavl;1;0.2;609;10000000;1;4;0.0102649;1.999e-06;0.03536;0.0421002;0.0877271
stdavl;1;0.2;610;10000000;1;4;0.0102559;2.123e-06;0.0356982;0.0421812;0.0881373
stdavl;1;0.2;611;10000000;1;4;0.0103919;2.223e-06;0.0365355;0.0421044;0.089034
stdavl;1;0.2;612;10000000;1;4;0.0102438;2.286e-06;0.0391819;0.0420754;0.0915034
stdavl;1;0.2;613;10000000;1;4;0.0103013;2.047e-06;0.0358168;0.0424215;0.0885417
stdavl;1;0.2;614;10000000;1;4;0.0101941;2.347e-06;0.0362894;0.0421073;0.0885932
stdavl;1;0.2;615;10000000;1;4;0.0104132;2.225e-06;0.0356036;0.0421077;0.0881268
stdavl;1;0.2;616;10000000;1;4;0.0102514;2.3e-06;0.0383395;0.0420927;0.0906858
stdavl;1;0.2;617;10000000;1;4;0.0103447;2.622e-06;0.0360618;0.0423497;0.0887589
stdavl;1;0.2;618;10000000;1;4;0.0102446;2.163e-06;0.0353868;0.0421302;0.0877639
stdavl;1;0.2;619;10000000;1;4;0.0102655;2.392e-06;0.0361522;0.0450972;0.0915174
stdavl;1;0.2;620;10000000;1;4;0.0101534;2.302e-06;0.0359916;0.0421383;0.0882856
stdavl;1;0.2;621;10000000;1;4;0.0101995;2.059e-06;0.0357454;0.0421114;0.0880583
stdavl;1;0.2;622;10000000;1;4;0.0102496;2.129e-06;0.0360481;0.0420869;0.0883867
stdavl;1;0.2;623;10000000;1;4;0.0130824;2.248e-06;0.0361026;0.0421168;0.0913041
stdavl;1;0.2;624;10000000;1;4;0.0102355;2.32e-06;0.0349823;0.0421224;0.0873425
stdavl;1;0.2;625;10000000;1;4;0.0102625;2.873e-06;0.0360501;0.0421254;0.0884409
stdavl;1;0.2;626;10000000;1;4;0.0103866;2.027e-06;0.0360022;0.0450015;0.0913924
stdavl;1;0.2;627;10000000;1;4;0.0100586;2.352e-06;0.0355387;0.0421222;0.0877218
stdavl;1;0.2;628;10000000;1;4;0.0101341;2.053e-06;0.036214;0.0420894;0.0884395
stdavl;1;0.2;629;10000000;1;4;0.0104089;2.157e-06;0.0356917;0.0420876;0.0881903
stdavl;1;0.2;630;10000000;1;4;0.0102997;2.073e-06;0.0382633;0.0425716;0.0911367
stdavl;1;0.2;631;10000000;1;4;0.010247;2.097e-06;0.0361244;0.0421166;0.08849
stdavl;1;0.2;632;10000000;1;4;0.0104393;2.043e-06;0.0357219;0.0424079;0.0885711
stdavl;1;0.2;633;10000000;1;4;0.0101851;2.046e-06;0.0361754;0.0450813;0.0914438
stdavl;1;0.2;634;10000000;1;4;0.0101958;2.132e-06;0.0355558;0.0421208;0.0878745
stdavl;1;0.2;635;10000000;1;4;0.0101567;2.213e-06;0.0355007;0.0420701;0.0877298
stdavl;1;0.2;636;10000000;1;4;0.0102754;2.171e-06;0.0354069;0.042089;0.0877735
stdavl;1;0.2;637;10000000;1;4;0.0102828;2.438e-06;0.0392423;0.0420957;0.0916233
stdavl;1;0.2;638;10000000;1;4;0.0103223;2.22e-06;0.0357051;0.0420885;0.0881182
stdavl;1;0.2;639;10000000;1;4;0.0101651;2.153e-06;0.0363994;0.0421236;0.0886902
stdavl;1;0.2;640;10000000;1;4;0.0102548;1.833e-06;0.035602;0.0450623;0.090921
stdavl;1;0.2;641;10000000;1;4;0.0102336;2.237e-06;0.0355196;0.0421287;0.0878841
stdavl;1;0.2;642;10000000;1;4;0.0102896;2.254e-06;0.0358978;0.0421683;0.0883581
stdavl;1;0.2;643;10000000;1;4;0.0103783;2.221e-06;0.035417;0.0420766;0.0878741
stdavl;1;0.2;644;10000000;1;4;0.0102626;2.276e-06;0.0383584;0.0421045;0.0907278
stdavl;1;0.2;645;10000000;1;4;0.0105213;7.359e-06;0.0360981;0.0421094;0.0887362
stdavl;1;0.2;646;10000000;1;4;0.0103552;2.155e-06;0.0361189;0.0421242;0.0886005
stdavl;1;0.2;647;10000000;1;4;0.0103262;2.205e-06;0.0356575;0.0420865;0.0880724
stdavl;1;0.2;648;10000000;1;4;0.0130685;2.272e-06;0.0361526;0.0421457;0.0913691
stdavl;1;0.2;649;10000000;1;4;0.010241;2.682e-06;0.0362191;0.042102;0.0885647
stdavl;1;0.2;650;10000000;1;4;0.0102301;2.221e-06;0.0356614;0.0420955;0.0879892
stdavl;1;0.2;651;10000000;1;4;0.0102691;2.119e-06;0.036004;0.0449851;0.0912603
stdavl;1;0.2;652;10000000;1;4;0.0103543;2.122e-06;0.0359621;0.04221;0.0885286
stdavl;1;0.2;653;10000000;1;4;0.0167764;2.119e-06;0.035657;0.0422469;0.0946825
stdavl;1;0.2;654;10000000;1;4;0.0103258;2.195e-06;0.0356307;0.0420894;0.0880481
stdavl;1;0.2;655;10000000;1;4;0.0102138;1.875e-06;0.0384317;0.042168;0.0908154
stdavl;1;0.2;656;10000000;1;4;0.0102826;1.934e-06;0.0357559;0.0421045;0.0881449
stdavl;1;0.2;657;10000000;1;4;0.0102652;2.071e-06;0.0354477;0.0420978;0.0878128
stdavl;1;0.2;658;10000000;1;4;0.010259;1.872e-06;0.0367093;0.0450558;0.0920259
stdavl;1;0.2;659;10000000;1;4;0.0103733;2.091e-06;0.0355754;0.0420867;0.0880375
stdavl;1;0.2;660;10000000;1;4;0.0102451;2.175e-06;0.0362637;0.0421528;0.0886638
stdavl;1;0.2;661;10000000;1;4;0.0104522;2.286e-06;0.0359031;0.0420978;0.0884555
stdavl;1;0.2;662;10000000;1;4;0.0129371;2.145e-06;0.0364103;0.0421263;0.0914759
stdavl;1;0.2;663;10000000;1;4;0.010134;1.871e-06;0.036155;0.0420724;0.0883633
stdavl;1;0.2;664;10000000;1;4;0.0103555;2.082e-06;0.036199;0.0421237;0.0886803
stdavl;1;0.2;665;10000000;1;4;0.0103025;2.227e-06;0.0356378;0.0449978;0.0909403
stdavl;1;0.2;666;10000000;1;4;0.0102748;1.964e-06;0.0359599;0.0421192;0.0883558
stdavl;1;0.2;667;10000000;1;4;0.0101829;1.962e-06;0.036356;0.0421838;0.0887247
stdavl;1;0.2;668;10000000;1;4;0.0101939;2.249e-06;0.0361116;0.0420844;0.0883922
stdavl;1;0.2;669;10000000;1;4;0.0102548;2.232e-06;0.0391406;0.0421736;0.0915712
stdavl;1;0.2;670;10000000;1;4;0.0102015;1.982e-06;0.0361279;0.0421238;0.0884552
stdavl;1;0.2;671;10000000;1;4;0.0102411;2.472e-06;0.0355328;0.0420782;0.0878545
stdavl;1;0.2;672;10000000;1;4;0.0102574;2.091e-06;0.0362093;0.0450177;0.0914865
stdavl;1;0.2;673;10000000;1;4;0.0101223;2.021e-06;0.0361009;0.0420771;0.0883023
stdavl;1;0.2;674;10000000;1;4;0.0101736;2.066e-06;0.0349861;0.0421179;0.0872797
stdavl;1;0.2;675;10000000;1;4;0.0102445;2.279e-06;0.0363418;0.0420898;0.0886784
stdavl;1;0.2;676;10000000;1;4;0.0101866;1.966e-06;0.0388357;0.0421201;0.0911444
stdavl;1;0.2;677;10000000;1;4;0.0102262;2.003e-06;0.0358646;0.0420769;0.0881697
stdavl;1;0.2;678;10000000;1;4;0.0103116;1.937e-06;0.0358519;0.0421023;0.0882678
stdavl;1;0.2;679;10000000;1;4;0.010333;2.273e-06;0.0357201;0.0449974;0.0910528
stdavl;1;0.2;680;10000000;1;4;0.0103638;2.29e-06;0.0357121;0.0421247;0.0882028
stdavl;1;0.2;681;10000000;1;4;0.0103677;2.021e-06;0.0362682;0.0421638;0.0888018
stdavl;1;0.2;682;10000000;1;4;0.0101425;2.073e-06;0.0359261;0.0420717;0.0881423
stdavl;1;0.2;683;10000000;1;4;0.0167882;2.015e-06;0.0381239;0.0421232;0.0970373
stdavl;1;0.2;684;10000000;1;4;0.0101833;1.865e-06;0.0365845;0.0420986;0.0888683
stdavl;1;0.2;685;10000000;1;4;0.010292;1.918e-06;0.0364203;0.0420942;0.0888083
stdavl;1;0.2;686;10000000;1;4;0.0102776;2.041e-06;0.0362319;0.0450834;0.0915949
stdavl;1;0.2;687;10000000;1;4;0.0101134;2.161e-06;0.0360058;0.0421747;0.0882961
stdavl;1;0.2;688;10000000;1;4;0.0102581;1.977e-06;0.0360459;0.0420895;0.0883955
stdavl;1;0.2;689;10000000;1;4;0.0101357;2.154e-06;0.0356006;0.0420946;0.0878331
stdavl;1;0.2;690;10000000;1;4;0.0103455;2.004e-06;0.0387692;0.0421364;0.0912531
stdavl;1;0.2;691;10000000;1;4;0.0101554;1.988e-06;0.0355036;0.0420739;0.0877349
stdavl;1;0.2;692;10000000;1;4;0.0101843;1.924e-06;0.0360571;0.0420859;0.0883293
stdavl;1;0.2;693;10000000;1;4;0.0101685;1.743e-06;0.0359727;0.0420882;0.0882311
stdavl;1;0.2;694;10000000;1;4;0.0102374;2.081e-06;0.0383771;0.0420874;0.090704
stdavl;1;0.2;695;10000000;1;4;0.0102559;1.822e-06;0.0354947;0.0420846;0.0878371
stdavl;1;0.2;696;10000000;1;4;0.0101616;2.084e-06;0.0363634;0.0420994;0.0886264
stdavl;1;0.2;697;10000000;1;4;0.0103057;2.353e-06;0.0362692;0.0450883;0.0916655
stdavl;1;0.2;698;10000000;1;4;0.0102684;2.071e-06;0.0358526;0.04211;0.0882332
stdavl;1;0.2;699;10000000;1;4;0.0101594;1.878e-06;0.0358731;0.0421311;0.0881654
stdavl;1;0.2;700;10000000;1;4;0.0103495;1.958e-06;0.0361285;0.042166;0.088646
stdavl;1;0.2;701;10000000;1;4;0.0103048;2.096e-06;0.038805;0.0423721;0.091484
stdavl;1;0.2;702;10000000;1;4;0.0102401;1.947e-06;0.0361718;0.0423439;0.0887576
stdavl;1;0.2;703;10000000;1;4;0.0102713;2.084e-06;0.0360081;0.0420811;0.0883626
stdavl;1;0.2;704;10000000;1;4;0.0103544;1.982e-06;0.0364493;0.0450372;0.0918429
stdavl;1;0.2;705;10000000;1;4;0.010173;1.77e-06;0.0356122;0.0421101;0.0878971
stdavl;1;0.2;706;10000000;1;4;0.0101917;2.062e-06;0.0355849;0.0420976;0.0878763
stdavl;1;0.2;707;10000000;1;4;0.0103144;2.351e-06;0.0361347;0.0420883;0.0885398
stdavl;1;0.2;708;10000000;1;4;0.0103086;2.101e-06;0.0388062;0.0421262;0.0912431
stdavl;1;0.2;709;10000000;1;4;0.0102919;2.252e-06;0.0365129;0.0421021;0.0889091
stdavl;1;0.2;710;10000000;1;4;0.0101854;2.16e-06;0.0364282;0.0420897;0.0887055
stdavl;1;0.2;711;10000000;1;4;0.0101724;1.995e-06;0.0357554;0.0450451;0.0909748
stdavl;1;0.2;712;10000000;1;4;0.0101604;2.074e-06;0.0362965;0.0420839;0.0885428
stdavl;1;0.2;713;10000000;1;4;0.0102959;2.51e-06;0.0360702;0.0421172;0.0884858
stdavl;1;0.2;714;10000000;1;4;0.0102181;2.147e-06;0.0366011;0.0421268;0.0889481
stdavl;1;0.2;715;10000000;1;4;0.0102418;2.132e-06;0.0389156;0.0421069;0.0912664
stdavl;1;0.2;716;10000000;1;4;0.0101319;2.152e-06;0.0367194;0.0421267;0.0889801
stdavl;1;0.2;717;10000000;1;4;0.0102316;2.318e-06;0.0363307;0.0420686;0.0886332
stdavl;1;0.2;718;10000000;1;4;0.0102466;2.008e-06;0.0365732;0.0450293;0.0918511
stdavl;1;0.2;719;10000000;1;4;0.0101153;2.03e-06;0.035883;0.042109;0.0881092
stdavl;1;0.2;720;10000000;1;4;0.0102945;2.105e-06;0.0365746;0.0421369;0.0890081
stdavl;1;0.2;721;10000000;1;4;0.0102258;2.178e-06;0.0361076;0.04209;0.0884255
stdavl;1;0.2;722;10000000;1;4;0.010129;1.883e-06;0.0392779;0.042122;0.0915307
stdavl;1;0.2;723;10000000;1;4;0.010284;2.422e-06;0.0362781;0.0420801;0.0886446
stdavl;1;0.2;724;10000000;1;4;0.0101039;2.497e-06;0.0358295;0.0421315;0.0880674
stdavl;1;0.2;725;10000000;1;4;0.0103799;2.243e-06;0.0357503;0.0453887;0.0915212
stdavl;1;0.2;726;10000000;1;4;0.0101351;2.326e-06;0.0364124;0.0421116;0.0886614
stdavl;1;0.2;727;10000000;1;4;0.0102394;2.003e-06;0.03551;0.0422631;0.0880145
stdavl;1;0.2;728;10000000;1;4;0.0102565;2.236e-06;0.0360785;0.0420862;0.0884235
stdavl;1;0.2;729;10000000;1;4;0.0103079;2.289e-06;0.0393277;0.0420907;0.0917286
stdavl;1;0.2;730;10000000;1;4;0.0103212;1.954e-06;0.0361847;0.042092;0.0885998
stdavl;1;0.2;731;10000000;1;4;0.0101967;2.259e-06;0.035717;0.042203;0.0881189
stdavl;1;0.2;732;10000000;1;4;0.0102995;2.318e-06;0.0361244;0.0421522;0.0885785
stdavl;1;0.2;733;10000000;1;4;0.0128922;2.146e-06;0.0364042;0.0420839;0.0913825
stdavl;1;0.2;734;10000000;1;4;0.0102342;2.427e-06;0.036294;0.0420889;0.0886196
stdavl;1;0.2;735;10000000;1;4;0.0102659;2.109e-06;0.0359996;0.0421126;0.0883802
stdavl;1;0.2;736;10000000;1;4;0.0103204;2.042e-06;0.0363177;0.0450622;0.0917023
stdavl;1;0.2;737;10000000;1;4;0.0102455;1.898e-06;0.0354053;0.0421629;0.0878156
stdavl;1;0.2;738;10000000;1;4;0.0103193;2.151e-06;0.0361599;0.0421398;0.0886212
stdavl;1;0.2;739;10000000;1;4;0.0103381;2.145e-06;0.0356908;0.042112;0.088143
stdavl;1;0.2;740;10000000;1;4;0.0101653;1.766e-06;0.0383293;0.0421226;0.090619
stdavl;1;0.2;741;10000000;1;4;0.0102187;2.172e-06;0.0364293;0.0420708;0.088721
stdavl;1;0.2;742;10000000;1;4;0.0102004;2.038e-06;0.0359454;0.0420949;0.0882428
stdavl;1;0.2;743;10000000;1;4;0.0101983;1.802e-06;0.0360922;0.0450151;0.0913074
stdavl;1;0.2;744;10000000;1;4;0.0103534;1.916e-06;0.0364069;0.0421064;0.0888686
stdavl;1;0.2;745;10000000;1;4;0.0102349;2.129e-06;0.0361917;0.042089;0.0885177
stdavl;1;0.2;746;10000000;1;4;0.0102011;2.024e-06;0.0355512;0.0424194;0.0881737
stdavl;1;0.2;747;10000000;1;4;0.0102285;2.145e-06;0.0386648;0.0423831;0.0912786
stdavl;1;0.2;748;10000000;1;4;0.0103316;1.931e-06;0.0355225;0.0421725;0.0880284
stdavl;1;0.2;749;10000000;1;4;0.0102501;2.174e-06;0.0362757;0.0421749;0.0887029
stdavl;1;0.2;750;10000000;1;4;0.0103313;2.182e-06;0.0363424;0.045055;0.0917308
stdavl;1;0.2;751;10000000;1;4;0.0101793;2.06e-06;0.036069;0.0421285;0.0883789
stdavl;1;0.2;752;10000000;1;4;0.0101844;1.88e-06;0.0359584;0.0421717;0.0883163
stdavl;1;0.2;753;10000000;1;4;0.0103198;1.882e-06;0.0361286;0.0422571;0.0887074
stdavl;1;0.2;754;10000000;1;4;0.0131099;1.943e-06;0.0364032;0.0421682;0.0916833
stdavl;1;0.2;755;10000000;1;4;0.0102612;2.232e-06;0.0355725;0.0424269;0.0882628
stdavl;1;0.2;756;10000000;1;4;0.0103361;2.718e-06;0.0362796;0.0421404;0.0887588
stdavl;1;0.2;757;10000000;1;4;0.0101237;2.078e-06;0.0364124;0.0450213;0.0915596
stdavl;1;0.2;758;10000000;1;4;0.010134;2.142e-06;0.0361262;0.0420957;0.088358
stdavl;1;0.2;759;10000000;1;4;0.0102062;1.965e-06;0.0359906;0.0421115;0.0883103
stdavl;1;0.2;760;10000000;1;4;0.0104126;2.233e-06;0.0360013;0.0421225;0.0885387
stdavl;1;0.2;761;10000000;1;4;0.0101889;1.999e-06;0.0391868;0.0421302;0.0915079
stdavl;1;0.2;762;10000000;1;4;0.0101644;2.469e-06;0.036278;0.0421426;0.0885874
stdavl;1;0.2;763;10000000;1;4;0.0102991;1.912e-06;0.0359118;0.0420998;0.0883127
stdavl;1;0.2;764;10000000;1;4;0.0102457;2.065e-06;0.0354259;0.0452072;0.0908809
stdavl;1;0.2;765;10000000;1;4;0.0100482;1.954e-06;0.0362365;0.0421353;0.0884221
stdavl;1;0.2;766;10000000;1;4;0.0101999;1.745e-06;0.0360589;0.0420905;0.0883511
stdavl;1;0.2;767;10000000;1;4;0.0101766;2.052e-06;0.0359123;0.0421851;0.088276
stdavl;1;0.2;768;10000000;1;4;0.0102844;1.894e-06;0.038891;0.0420856;0.0912629
stdavl;1;0.2;769;10000000;1;4;0.0102804;2.3e-06;0.0361061;0.0420896;0.0884784
stdavl;1;0.2;770;10000000;1;4;0.010269;2.225e-06;0.036722;0.0421631;0.0891564
stdavl;1;0.2;771;10000000;1;4;0.0102418;2.091e-06;0.0358129;0.0420795;0.0881363
stdavl;1;0.2;772;10000000;1;4;0.0130378;1.942e-06;0.0367761;0.0421272;0.0919431
stdavl;1;0.2;773;10000000;1;4;0.0101972;2.679e-06;0.0365378;0.0420912;0.0888288
stdavl;1;0.2;774;10000000;1;4;0.0101515;2.172e-06;0.0363227;0.0421608;0.0886372
stdavl;1;0.2;775;10000000;1;4;0.0102408;1.957e-06;0.0359867;0.0449845;0.091214
stdavl;1;0.2;776;10000000;1;4;0.0102288;2.356e-06;0.0366962;0.0422335;0.0891609
stdavl;1;0.2;777;10000000;1;4;0.0101734;1.881e-06;0.0358615;0.0421129;0.0881496
stdavl;1;0.2;778;10000000;1;4;0.0102291;1.782e-06;0.0364586;0.0421014;0.0887909
stdavl;1;0.2;779;10000000;1;4;0.0102768;2.106e-06;0.0394766;0.0420968;0.0918523
stdavl;1;0.2;780;10000000;1;4;0.0101914;2.118e-06;0.0359186;0.0421401;0.0882522
stdavl;1;0.2;781;10000000;1;4;0.0102297;2.565e-06;0.0355975;0.0422205;0.0880503
stdavl;1;0.2;782;10000000;1;4;0.0103647;2.561e-06;0.0357781;0.0450064;0.0911518
stdavl;1;0.2;783;10000000;1;4;0.0101308;1.802e-06;0.0365272;0.0421444;0.0888041
stdavl;1;0.2;784;10000000;1;4;0.0101862;2.135e-06;0.0360048;0.0421086;0.0883017
stdavl;1;0.2;785;10000000;1;4;0.0104076;2.183e-06;0.0358469;0.042079;0.0883357
stdavl;1;0.2;786;10000000;1;4;0.0102445;2.031e-06;0.0389005;0.0421637;0.0913107
stdavl;1;0.2;787;10000000;1;4;0.0102024;2.544e-06;0.0359489;0.0421173;0.0882712
stdavl;1;0.2;788;10000000;1;4;0.010399;2.125e-06;0.0359284;0.0421109;0.0884404
stdavl;1;0.2;789;10000000;1;4;0.0102146;2.264e-06;0.0360023;0.044968;0.0911871
stdavl;1;0.2;790;10000000;1;4;0.0101766;2.332e-06;0.0358906;0.0421197;0.0881892
stdavl;1;0.2;791;10000000;1;4;0.0103657;2.033e-06;0.0358324;0.0421429;0.088343
stdavl;1;0.2;792;10000000;1;4;0.0102499;1.954e-06;0.0367366;0.0421582;0.0891467
stdavl;1;0.2;793;10000000;1;4;0.013052;2.199e-06;0.0356034;0.0421174;0.090775
stdavl;1;0.2;794;10000000;1;4;0.0102772;1.855e-06;0.0360657;0.0420853;0.08843
stdavl;1;0.2;795;10000000;1;4;0.0105213;1.987e-06;0.0368405;0.0421236;0.0894875
stdavl;1;0.2;796;10000000;1;4;0.0101871;1.943e-06;0.0359623;0.0453073;0.0914586
stdavl;1;0.2;797;10000000;1;4;0.010187;3.111e-06;0.0360507;0.0421241;0.0883649
stdavl;1;0.2;798;10000000;1;4;0.010178;1.967e-06;0.0365194;0.0421139;0.0888133
stdavl;1;0.2;799;10000000;1;4;0.0101757;2.157e-06;0.036254;0.0421906;0.0886225
stdavl;1;0.2;800;10000000;1;4;0.0102214;2.119e-06;0.0390669;0.0420899;0.0913803
stdavl;1;0.2;801;10000000;1;4;0.010242;2.069e-06;0.0362979;0.0422121;0.0887541
stdavl;1;0.2;802;10000000;1;4;0.0101977;2.037e-06;0.0356622;0.042166;0.0880279
stdavl;1;0.2;803;10000000;1;4;0.0101236;1.96e-06;0.0366337;0.0450157;0.091775
stdavl;1;0.2;804;10000000;1;4;0.0102336;1.825e-06;0.0360573;0.0421258;0.0884186
stdavl;1;0.2;805;10000000;1;4;0.0101723;1.803e-06;0.0363658;0.0433424;0.0898823
stdavl;1;0.2;806;10000000;1;4;0.0104585;2.135e-06;0.0366346;0.0433708;0.0904661
stdavl;1;0.2;807;10000000;1;4;0.0103973;2.348e-06;0.0399437;0.0433371;0.0936805
stdavl;1;0.2;808;10000000;1;4;0.0102603;2.03e-06;0.0355224;0.0421121;0.0878968
stdavl;1;0.2;809;10000000;1;4;0.0103039;2.037e-06;0.0357191;0.0422258;0.0882508
stdavl;1;0.2;810;10000000;1;4;0.0101716;1.978e-06;0.0364057;0.0450497;0.091629
stdavl;1;0.2;811;10000000;1;4;0.0102283;1.971e-06;0.0357679;0.0422111;0.0882092
stdavl;1;0.2;812;10000000;1;4;0.0102126;2.174e-06;0.0363566;0.0421634;0.0887349
stdavl;1;0.2;813;10000000;1;4;0.0103107;1.922e-06;0.0362995;0.0420832;0.0886954
stdavl;1;0.2;814;10000000;1;4;0.010199;2.298e-06;0.0392135;0.042109;0.0915238
stdavl;1;0.2;815;10000000;1;4;0.0103255;2.222e-06;0.0363306;0.0421219;0.0887803
stdavl;1;0.2;816;10000000;1;4;0.010173;2.019e-06;0.0365327;0.0420795;0.0887873
stdavl;1;0.2;817;10000000;1;4;0.0101689;1.84e-06;0.036322;0.0449487;0.0914415
stdavl;1;0.2;818;10000000;1;4;0.0101146;2.111e-06;0.0356749;0.0421707;0.0879623
stdavl;1;0.2;819;10000000;1;4;0.0102118;1.875e-06;0.0364451;0.0421096;0.0887684
stdavl;1;0.2;820;10000000;1;4;0.0102425;1.98e-06;0.0364273;0.0421636;0.0888354
stdavl;1;0.2;821;10000000;1;4;0.0103811;2.191e-06;0.0361442;0.0450013;0.0915288
stdavl;1;0.2;822;10000000;1;4;0.0102174;1.898e-06;0.0361791;0.0420844;0.0884827
stdavl;1;0.2;823;10000000;1;4;0.0101967;2.105e-06;0.0365583;0.0421069;0.088864
stdavl;1;0.2;824;10000000;1;4;0.0102068;1.954e-06;0.0354217;0.0420797;0.0877101
stdavl;1;0.2;825;10000000;1;4;0.0101714;1.807e-06;0.0393873;0.0421441;0.0917046
stdavl;1;0.2;826;10000000;1;4;0.0102015;1.843e-06;0.0356892;0.0421143;0.0880068
stdavl;1;0.2;827;10000000;1;4;0.0101029;2.067e-06;0.0366275;0.0421015;0.0888339
stdavl;1;0.2;828;10000000;1;4;0.0102002;2.006e-06;0.035774;0.0450638;0.0910401
stdavl;1;0.2;829;10000000;1;4;0.0101879;2.158e-06;0.0359676;0.0420726;0.0882302
stdavl;1;0.2;830;10000000;1;4;0.0102946;2.16e-06;0.036765;0.0420843;0.089146
stdavl;1;0.2;831;10000000;1;4;0.0101719;2.392e-06;0.0364407;0.0421882;0.0888032
stdavl;1;0.2;832;10000000;1;4;0.0102563;2.371e-06;0.0388826;0.042206;0.0913473
stdavl;1;0.2;833;10000000;1;4;0.0102696;1.763e-06;0.0367708;0.0421123;0.0891545
stdavl;1;0.2;834;10000000;1;4;0.0101956;1.775e-06;0.0363371;0.0421209;0.0886553
stdavl;1;0.2;835;10000000;1;4;0.0102152;2.571e-06;0.0361749;0.0450216;0.0914142
stdavl;1;0.2;836;10000000;1;4;0.0104446;2.266e-06;0.0364622;0.0420921;0.0890011
stdavl;1;0.2;837;10000000;1;4;0.0104076;2.033e-06;0.0360177;0.0421373;0.0885647
stdavl;1;0.2;838;10000000;1;4;0.0102478;2.098e-06;0.0362292;0.0420914;0.0885704
stdavl;1;0.2;839;10000000;1;4;0.0102458;2.12e-06;0.0390529;0.0424206;0.0917214
stdavl;1;0.2;840;10000000;1;4;0.0102909;2.098e-06;0.036358;0.0420928;0.0887438
stdavl;1;0.2;841;10000000;1;4;0.0101535;2.228e-06;0.0361792;0.042102;0.088437
stdavl;1;0.2;842;10000000;1;4;0.0102805;2.233e-06;0.0362638;0.0450433;0.0915899
stdavl;1;0.2;843;10000000;1;4;0.0165762;2.15e-06;0.036515;0.042165;0.0952584
stdavl;1;0.2;844;10000000;1;4;0.0101426;2.249e-06;0.0364647;0.0420849;0.0886944
stdavl;1;0.2;845;10000000;1;4;0.0103031;2.227e-06;0.0363811;0.042091;0.0887774
stdavl;1;0.2;846;10000000;1;4;0.0102263;2.083e-06;0.0385329;0.0421149;0.0908762
stdavl;1;0.2;847;10000000;1;4;0.0101613;2.079e-06;0.036189;0.0420857;0.0884381
stdavl;1;0.2;848;10000000;1;4;0.0102515;2.136e-06;0.0366325;0.0422001;0.0890863
stdavl;1;0.2;849;10000000;1;4;0.0101506;1.968e-06;0.0365496;0.0450555;0.0917577
stdavl;1;0.2;850;10000000;1;4;0.0102289;2.103e-06;0.0366927;0.0420985;0.0890222
stdavl;1;0.2;851;10000000;1;4;0.0103197;2.237e-06;0.0366625;0.0421398;0.0891243
stdavl;1;0.2;852;10000000;1;4;0.0102647;1.833e-06;0.036724;0.0420913;0.0890818
stdavl;1;0.2;853;10000000;1;4;0.0129607;1.999e-06;0.0360448;0.0422936;0.0913011
stdavl;1;0.2;854;10000000;1;4;0.0102162;2.157e-06;0.0362231;0.0421097;0.0885512
stdavl;1;0.2;855;10000000;1;4;0.0101954;2.038e-06;0.0360772;0.0421133;0.088388
stdavl;1;0.2;856;10000000;1;4;0.0102605;2.029e-06;0.0360403;0.0450856;0.0913884
stdavl;1;0.2;857;10000000;1;4;0.010155;2.147e-06;0.0361225;0.0421161;0.0883957
stdavl;1;0.2;858;10000000;1;4;0.0103;2.219e-06;0.0361285;0.0420984;0.0885291
stdavl;1;0.2;859;10000000;1;4;0.0101608;2.313e-06;0.0366196;0.0421395;0.0889222
stdavl;1;0.2;860;10000000;1;4;0.010297;2.047e-06;0.0393297;0.0421492;0.091778
stdavl;1;0.2;861;10000000;1;4;0.0102464;1.651e-06;0.0365192;0.0421195;0.0888867
stdavl;1;0.2;862;10000000;1;4;0.0102617;2.316e-06;0.036402;0.0421791;0.0888451
stdavl;1;0.2;863;10000000;1;4;0.0102204;1.969e-06;0.0364884;0.0450238;0.0917345
stdavl;1;0.2;864;10000000;1;4;0.0101719;1.942e-06;0.0358376;0.0420786;0.08809
stdavl;1;0.2;865;10000000;1;4;0.0102022;2.398e-06;0.036084;0.0420933;0.0883819
stdavl;1;0.2;866;10000000;1;4;0.0104828;2.07e-06;0.036347;0.0421161;0.088948
stdavl;1;0.2;867;10000000;1;4;0.0102466;2.164e-06;0.0390751;0.0421139;0.0914378
stdavl;1;0.2;868;10000000;1;4;0.010272;1.856e-06;0.0363714;0.0421312;0.0887764
stdavl;1;0.2;869;10000000;1;4;0.0101961;1.758e-06;0.0366327;0.0421273;0.0889579
stdavl;1;0.2;870;10000000;1;4;0.0102639;2.095e-06;0.0365952;0.044935;0.0917962
stdavl;1;0.2;871;10000000;1;4;0.010121;2.043e-06;0.0361727;0.0421319;0.0884277
stdavl;1;0.2;872;10000000;1;4;0.0103115;2.067e-06;0.036516;0.0421291;0.0889587
stdavl;1;0.2;873;10000000;1;4;0.0102923;2.06e-06;0.0363118;0.0421271;0.0887333
stdavl;1;0.2;874;10000000;1;4;0.0102408;2.4e-06;0.0391606;0.0420737;0.0914774
stdavl;1;0.2;875;10000000;1;4;0.0102037;2.228e-06;0.0364208;0.042126;0.0887526
stdavl;1;0.2;876;10000000;1;4;0.0103065;2.004e-06;0.0361724;0.0421517;0.0886326
stdavl;1;0.2;877;10000000;1;4;0.0101942;1.82e-06;0.0355961;0.0421642;0.0879563
stdavl;1;0.2;878;10000000;1;4;0.0102163;2.076e-06;0.0391368;0.0421023;0.0914575
stdavl;1;0.2;879;10000000;1;4;0.0103252;2.196e-06;0.0360719;0.0424125;0.0888118
stdavl;1;0.2;880;10000000;1;4;0.0101247;2.56e-06;0.0361884;0.0423753;0.0886909
stdavl;1;0.2;881;10000000;1;4;0.010236;2.302e-06;0.0359908;0.0453999;0.091629
stdavl;1;0.2;882;10000000;1;4;0.0101071;1.806e-06;0.036242;0.0421069;0.0884577
stdavl;1;0.2;883;10000000;1;4;0.0102076;2.129e-06;0.0361146;0.0421469;0.0884712
stdavl;1;0.2;884;10000000;1;4;0.0103377;2.22e-06;0.0363237;0.0423353;0.0889989
stdavl;1;0.2;885;10000000;1;4;0.0102789;2.166e-06;0.0389474;0.0420996;0.0913281
stdavl;1;0.2;886;10000000;1;4;0.0102223;2.256e-06;0.0362117;0.0420871;0.0885233
stdavl;1;0.2;887;10000000;1;4;0.0101671;2.171e-06;0.0358611;0.0421591;0.0881895
stdavl;1;0.2;888;10000000;1;4;0.0103046;2.107e-06;0.0364733;0.0450665;0.0918465
stdavl;1;0.2;889;10000000;1;4;0.0101647;2.209e-06;0.0363932;0.0421104;0.0886705
stdavl;1;0.2;890;10000000;1;4;0.0101795;2.183e-06;0.0364469;0.042202;0.0888306
stdavl;1;0.2;891;10000000;1;4;0.010347;1.774e-06;0.0360846;0.0421203;0.0885538
stdavl;1;0.2;892;10000000;1;4;0.01028;2.006e-06;0.0388928;0.0420972;0.091272
stdavl;1;0.2;893;10000000;1;4;0.0101452;2.194e-06;0.0356956;0.042118;0.087961
stdavl;1;0.2;894;10000000;1;4;0.0103252;2.28e-06;0.0366019;0.0421029;0.0890322
stdavl;1;0.2;895;10000000;1;4;0.010411;2.109e-06;0.0367424;0.0450342;0.0921897
stdavl;1;0.2;896;10000000;1;4;0.0100559;1.887e-06;0.0364207;0.0420818;0.0885603
stdavl;1;0.2;897;10000000;1;4;0.0102217;2.228e-06;0.0363938;0.0421102;0.0887279
stdavl;1;0.2;898;10000000;1;4;0.0103026;2.283e-06;0.0364107;0.0420896;0.0888051
stdavl;1;0.2;899;10000000;1;4;0.0130812;2.574e-06;0.0358732;0.0420968;0.0910538
stdavl;1;0.2;900;10000000;1;4;0.0102049;2.496e-06;0.0362509;0.0420839;0.0885421
stdavl;1;0.2;901;10000000;1;4;0.0102279;2.205e-06;0.0358303;0.0421262;0.0881866
stdavl;1;0.2;902;10000000;1;4;0.0101982;2.007e-06;0.0362036;0.0450412;0.0914451
stdavl;1;0.2;903;10000000;1;4;0.0101633;1.828e-06;0.0361601;0.0420823;0.0884074
stdavl;1;0.2;904;10000000;1;4;0.0101579;1.969e-06;0.0360976;0.0421813;0.0884388
stdavl;1;0.2;905;10000000;1;4;0.0102617;2.697e-06;0.0363166;0.0421161;0.0886971
stdavl;1;0.2;906;10000000;1;4;0.010234;2.153e-06;0.0396051;0.042097;0.0919383
stdavl;1;0.2;907;10000000;1;4;0.0102391;2.207e-06;0.0362605;0.0420792;0.088581
stdavl;1;0.2;908;10000000;1;4;0.0102277;2.068e-06;0.0363491;0.0421229;0.0887018
stdavl;1;0.2;909;10000000;1;4;0.0102181;2.057e-06;0.0363211;0.0450008;0.0915421
stdavl;1;0.2;910;10000000;1;4;0.0102032;2.108e-06;0.0368219;0.0420943;0.0891216
stdavl;1;0.2;911;10000000;1;4;0.0102248;2.176e-06;0.036374;0.0421421;0.088743
stdavl;1;0.2;912;10000000;1;4;0.0102891;2.144e-06;0.0364802;0.0420891;0.0888605
stdavl;1;0.2;913;10000000;1;4;0.0103698;1.973e-06;0.0394635;0.0420981;0.0919334
stdavl;1;0.2;914;10000000;1;4;0.0101776;2.073e-06;0.0364596;0.0420947;0.088734
stdavl;1;0.2;915;10000000;1;4;0.0101575;2.175e-06;0.0366349;0.0421262;0.0889208
stdavl;1;0.2;916;10000000;1;4;0.0103665;1.982e-06;0.036733;0.0450151;0.0921165
stdavl;1;0.2;917;10000000;1;4;0.0100835;2.043e-06;0.0366036;0.0430504;0.0897396
stdavl;1;0.2;918;10000000;1;4;0.0103732;2.13e-06;0.0366085;0.0421393;0.0891232
stdavl;1;0.2;919;10000000;1;4;0.01017;2.097e-06;0.0368179;0.0421598;0.0891498
stdavl;1;0.2;920;10000000;1;4;0.0102123;2.668e-06;0.0388017;0.0421094;0.0911261
stdavl;1;0.2;921;10000000;1;4;0.0103613;2.309e-06;0.0361143;0.0421166;0.0885944
stdavl;1;0.2;922;10000000;1;4;0.0102694;2.101e-06;0.0363346;0.0420888;0.0886948
stdavl;1;0.2;923;10000000;1;4;0.0102536;2.377e-06;0.0364662;0.0421183;0.0888406
stdavl;1;0.2;924;10000000;1;4;0.0100676;2.672e-06;0.0364801;0.0420972;0.0886476
stdavl;1;0.2;925;10000000;1;4;0.0102559;2.326e-06;0.037104;0.0421252;0.0894874
stdavl;1;0.2;926;10000000;1;4;0.0102088;2.047e-06;0.0364095;0.0421695;0.0887899
stdavl;1;0.2;927;10000000;1;4;0.0102272;2.004e-06;0.0367012;0.0449891;0.0919196
stdavl;1;0.2;928;10000000;1;4;0.0102361;2.195e-06;0.0361277;0.0421078;0.0884738
stdavl;1;0.2;929;10000000;1;4;0.0101639;2.079e-06;0.0364563;0.0420915;0.0887138
stdavl;1;0.2;930;10000000;1;4;0.0103234;2.221e-06;0.0366022;0.0421105;0.0890384
stdavl;1;0.2;931;10000000;1;4;0.0101804;2.199e-06;0.0393567;0.0421011;0.0916404
stdavl;1;0.2;932;10000000;1;4;0.0102247;2.154e-06;0.0366762;0.0422185;0.0891216
stdavl;1;0.2;933;10000000;1;4;0.0103119;1.968e-06;0.0366326;0.0421593;0.0891058
stdavl;1;0.2;934;10000000;1;4;0.0102088;2.323e-06;0.036453;0.0450561;0.0917201
stdavl;1;0.2;935;10000000;1;4;0.0101214;1.989e-06;0.0365024;0.042086;0.0887118
stdavl;1;0.2;936;10000000;1;4;0.0102515;1.856e-06;0.0365957;0.0420755;0.0889246
stdavl;1;0.2;937;10000000;1;4;0.0101715;2.826e-06;0.0364349;0.0421046;0.0887138
stdavl;1;0.2;938;10000000;1;4;0.0102954;2.111e-06;0.0392766;0.042162;0.0917361
stdavl;1;0.2;939;10000000;1;4;0.0102366;2.017e-06;0.036401;0.0421628;0.0888024
stdavl;1;0.2;940;10000000;1;4;0.010326;2.19e-06;0.0368652;0.0421612;0.0893545
stdavl;1;0.2;941;10000000;1;4;0.0102258;1.974e-06;0.0363865;0.0450341;0.0916483
stdavl;1;0.2;942;10000000;1;4;0.0100834;1.808e-06;0.0362659;0.0420822;0.0884334
stdavl;1;0.2;943;10000000;1;4;0.0102897;1.917e-06;0.0363677;0.0421142;0.0887735
stdavl;1;0.2;944;10000000;1;4;0.0102765;2.145e-06;0.0364085;0.0421521;0.0888392
stdavl;1;0.2;945;10000000;1;4;0.010215;2.276e-06;0.0395401;0.0421;0.0918573
stdavl;1;0.2;946;10000000;1;4;0.0102002;2.228e-06;0.0365559;0.0423411;0.0890993
stdavl;1;0.2;947;10000000;1;4;0.0101563;2.131e-06;0.0364378;0.0420865;0.0886827
stdavl;1;0.2;948;10000000;1;4;0.0102424;2.254e-06;0.0364063;0.045064;0.0917149
stdavl;1;0.2;949;10000000;1;4;0.0100539;2.375e-06;0.0361564;0.0420856;0.0882983
stdavl;1;0.2;950;10000000;1;4;0.0102927;2.263e-06;0.0363768;0.0420937;0.0887654
stdavl;1;0.2;951;10000000;1;4;0.0101915;1.893e-06;0.036719;0.0421;0.0890124
stdavl;1;0.2;952;10000000;1;4;0.0101948;2.045e-06;0.0396752;0.0422048;0.0920768
stdavl;1;0.2;953;10000000;1;4;0.0102792;2.169e-06;0.036209;0.0426429;0.0891332
stdavl;1;0.2;954;10000000;1;4;0.010211;2.157e-06;0.0358899;0.0421542;0.0882573
stdavl;1;0.2;955;10000000;1;4;0.0102686;2.239e-06;0.0363823;0.045122;0.091775
stdavl;1;0.2;956;10000000;1;4;0.0101515;2.031e-06;0.0366201;0.0420869;0.0888605
stdavl;1;0.2;957;10000000;1;4;0.0103625;2.185e-06;0.0358883;0.0421325;0.0883854
stdavl;1;0.2;958;10000000;1;4;0.0102418;2.25e-06;0.0364781;0.0420965;0.0888186
stdavl;1;0.2;959;10000000;1;4;0.0101339;2.208e-06;0.0395179;0.0421261;0.0917801
stdavl;1;0.2;960;10000000;1;4;0.0103497;2.019e-06;0.0365142;0.0421142;0.0889801
stdavl;1;0.2;961;10000000;1;4;0.0102444;2.205e-06;0.0360279;0.0420826;0.0883571
stdavl;1;0.2;962;10000000;1;4;0.0101121;2.211e-06;0.0362459;0.045069;0.0914293
stdavl;1;0.2;963;10000000;1;4;0.0102414;2.125e-06;0.0360198;0.0420821;0.0883454
stdavl;1;0.2;964;10000000;1;4;0.0102566;2.21e-06;0.0361329;0.0421234;0.0885151
stdavl;1;0.2;965;10000000;1;4;0.0102084;2.032e-06;0.036759;0.0421027;0.0890721
stdavl;1;0.2;966;10000000;1;4;0.0102858;2.244e-06;0.0395977;0.0420868;0.0919725
stdavl;1;0.2;967;10000000;1;4;0.0102403;2.458e-06;0.0364819;0.042086;0.0888107
stdavl;1;0.2;968;10000000;1;4;0.0101826;2.239e-06;0.0363192;0.0421072;0.0886112
stdavl;1;0.2;969;10000000;1;4;0.0101583;2.175e-06;0.0366119;0.0450833;0.0918557
stdavl;1;0.2;970;10000000;1;4;0.0167615;2.085e-06;0.0358988;0.0423884;0.0950508
stdavl;1;0.2;971;10000000;1;4;0.0101878;2.432e-06;0.0360794;0.042126;0.0883956
stdavl;1;0.2;972;10000000;1;4;0.0102122;2.484e-06;0.0367024;0.0420941;0.0890111
stdavl;1;0.2;973;10000000;1;4;0.0102997;2.181e-06;0.0393338;0.0420873;0.091723
stdavl;1;0.2;974;10000000;1;4;0.0102173;2.389e-06;0.0362116;0.0421209;0.0885521
stdavl;1;0.2;975;10000000;1;4;0.0102233;2.488e-06;0.036881;0.0420919;0.0891986
stdavl;1;0.2;976;10000000;1;4;0.0101456;2.154e-06;0.036309;0.0451148;0.0915716
stdavl;1;0.2;977;10000000;1;4;0.0100308;2.134e-06;0.0364931;0.042063;0.088589
stdavl;1;0.2;978;10000000;1;4;0.0102603;2.623e-06;0.0362227;0.0421775;0.0886631
stdavl;1;0.2;979;10000000;1;4;0.0101562;2.099e-06;0.0367458;0.0420894;0.0889935
stdavl;1;0.2;980;10000000;1;4;0.0102114;2.607e-06;0.0393884;0.0420835;0.0916859
stdavl;1;0.2;981;10000000;1;4;0.0101969;2.233e-06;0.0367052;0.0420884;0.0889928
stdavl;1;0.2;982;10000000;1;4;0.010287;2.117e-06;0.0365586;0.0422059;0.0890536
stdavl;1;0.2;983;10000000;1;4;0.010216;2.103e-06;0.0367091;0.0449823;0.0919095
stdavl;1;0.2;984;10000000;1;4;0.0102402;2.035e-06;0.0363707;0.042078;0.0886909
stdavl;1;0.2;985;10000000;1;4;0.0101213;2.109e-06;0.0360884;0.0421342;0.088346
stdavl;1;0.2;986;10000000;1;4;0.010226;2.202e-06;0.0363717;0.0421327;0.0887326
stdavl;1;0.2;987;10000000;1;4;0.0102817;2.006e-06;0.0398262;0.0420832;0.0921931
stdavl;1;0.2;988;10000000;1;4;0.0102407;2.145e-06;0.036549;0.0421047;0.0888965
stdavl;1;0.2;989;10000000;1;4;0.0102491;2.113e-06;0.0360357;0.0420986;0.0883854
stdavl;1;0.2;990;10000000;1;4;0.0102754;1.975e-06;0.0365172;0.0422139;0.0890084
stdavl;1;0.2;991;10000000;1;4;0.0129767;2.075e-06;0.0361248;0.0420936;0.0911972
stdavl;1;0.2;992;10000000;1;4;0.0102013;1.978e-06;0.036811;0.0421319;0.0891462
stdavl;1;0.2;993;10000000;1;4;0.0102163;2.23e-06;0.0365205;0.0421663;0.0889054
stdavl;1;0.2;994;10000000;1;4;0.0103651;2.416e-06;0.0358321;0.0449588;0.0911585
stdavl;1;0.2;995;10000000;1;4;0.010161;2.578e-06;0.0366765;0.0423762;0.0892164
stdavl;1;0.2;996;10000000;1;4;0.0101448;2.049e-06;0.0365289;0.0421027;0.0887785
stdavl;1;0.2;997;10000000;1;4;0.0102049;2.007e-06;0.036647;0.0420903;0.0889442
stdavl;1;0.2;998;10000000;1;4;0.0101484;1.924e-06;0.0394457;0.0420757;0.0916717
stdavl;1;0.2;999;10000000;1;4;0.0102024;2.073e-06;0.0365814;0.0422306;0.0890164
